url,slug,title,category,published_date,word_count,intent_cluster,product_relevance,health_sensitive,author_present,reviewer_present,published_at_present,updated_at_present,sources_present,methodology_present,disclosure_present,search_console_status,backlink_status,provisional_action,provisional_destination,cannibalisation_signal,notes
/blog/2025-muscle-building-research-smart-training,2025-muscle-building-research-smart-training,Resistance-Training Evidence Roundup: What Recent Studies Actually Say,,,642,volume_and_programming,low,no,no,no,no,yes,no,no,no,unknown,unknown,REVIEW_AFTER_SEARCH_CONSOLE,/tools/weekly-volume-checker,shared source-only cluster: volume_and_programming (41 URLs),Source-only inventory; demand and links not yet checked.
/blog/ai-fitness-programming-algorithms-2026,ai-fitness-programming-algorithms-2026,"AI Fitness Programming: Recommendations, Data, and Limits",,,1032,volume_and_programming,low,yes,no,no,no,yes,no,no,no,unknown,unknown,NOINDEX_OR_EXPERT_REVIEW,/tools/weekly-volume-checker,shared source-only cluster: volume_and_programming (41 URLs),Health-sensitive topic requires source and review audit before acquisition use.
/blog/air-pollution-muscle-building-outdoor-training,air-pollution-muscle-building-outdoor-training,Air Pollution and Outdoor Training: What Lifters Need to Know,,,869,exercise_selection,low,yes,no,no,no,yes,no,no,no,unknown,unknown,NOINDEX_OR_EXPERT_REVIEW,/blog,shared source-only cluster: exercise_selection (36 URLs),Health-sensitive topic requires source and review audit before acquisition use.
/blog/alcohol-muscle-growth-mtor-pathway-science,alcohol-muscle-growth-mtor-pathway-science,Alcohol and Muscle Growth: What It Can Change,Health,,781,nutrition_and_supplements,low,yes,no,no,no,yes,no,no,no,unknown,unknown,NOINDEX_OR_EXPERT_REVIEW,/blog,shared source-only cluster: nutrition_and_supplements (48 URLs),Health-sensitive topic requires source and review audit before acquisition use.
/blog/alpha-lipoic-acid-lifters-insulin,alpha-lipoic-acid-lifters-insulin,Alpha-Lipoic Acid for Lifters: What the Evidence Shows,Supplements,2026-03-05,931,recovery_and_health,low,yes,no,no,no,yes,no,no,no,unknown,unknown,NOINDEX_OR_EXPERT_REVIEW,/blog,shared source-only cluster: recovery_and_health (52 URLs),Health-sensitive topic requires source and review audit before acquisition use.
/blog/alternatives-to-rp-hypertrophy-app,alternatives-to-rp-hypertrophy-app,Alternatives to RP Hypertrophy App (2026): Best Options for Serious Lifters,Workout Apps,2026-05-27,4286,workout_apps_migration,medium,yes,no,no,no,yes,no,no,no,unknown,unknown,KEEP_AND_IMPROVE,/hevy-alternative,shared source-only cluster: workout_apps_migration (18 URLs),Health-sensitive topic requires source and review audit before acquisition use.
/blog/anabolic-resistance-older-adults-2026,anabolic-resistance-older-adults-2026,Anabolic Resistance: Protein and Muscle in Older Adults,,,685,nutrition_and_supplements,low,yes,no,no,no,yes,no,no,no,unknown,unknown,NOINDEX_OR_EXPERT_REVIEW,/blog,shared source-only cluster: nutrition_and_supplements (48 URLs),Health-sensitive topic requires source and review audit before acquisition use.
/blog/anabolic-window-myth-2025,anabolic-window-myth-2025,The Anabolic Window: Protein Timing Without the Panic,Nutrition,,791,nutrition_and_supplements,low,yes,no,no,no,yes,no,no,no,unknown,unknown,NOINDEX_OR_EXPERT_REVIEW,/blog,shared source-only cluster: nutrition_and_supplements (48 URLs),Health-sensitive topic requires source and review audit before acquisition use.
/blog/apply-hypertrophy-research-training-practical-guide,apply-hypertrophy-research-training-practical-guide,How to Apply Hypertrophy Research to Your Training,,,1110,volume_and_programming,low,yes,no,no,no,yes,no,no,no,unknown,unknown,NOINDEX_OR_EXPERT_REVIEW,/tools/weekly-volume-checker,shared source-only cluster: volume_and_programming (41 URLs),Health-sensitive topic requires source and review audit before acquisition use.
/blog/ashwagandha-strength-training-supplement-science-2026,ashwagandha-strength-training-supplement-science-2026,Ashwagandha for Lifters: What the Exercise Evidence Shows,,,898,nutrition_and_supplements,low,yes,no,no,no,yes,no,no,no,unknown,unknown,NOINDEX_OR_EXPERT_REVIEW,/blog,shared source-only cluster: nutrition_and_supplements (48 URLs),Health-sensitive topic requires source and review audit before acquisition use.
/blog/astaxanthin-supplementation-athletes,astaxanthin-supplementation-athletes,Astaxanthin for Athletes: What Exercise Research Shows,Supplements,2026-02-26,779,exercise_selection,low,yes,no,no,no,yes,no,no,no,unknown,unknown,NOINDEX_OR_EXPERT_REVIEW,/blog,shared source-only cluster: exercise_selection (36 URLs),Health-sensitive topic requires source and review audit before acquisition use.
/blog/auto-progression-feature-muscle-growth,auto-progression-feature-muscle-growth,Auto-Progression: Turn Workout History Into a Next-Set Plan,,2026-03-04,651,progression_and_effort,low,yes,no,no,no,yes,no,no,no,unknown,unknown,NOINDEX_OR_EXPERT_REVIEW,/progressive-overload,shared source-only cluster: progression_and_effort (45 URLs),Health-sensitive topic requires source and review audit before acquisition use.
/blog/autoprogression-science-2026,autoprogression-science-2026,Autoprogression: How to Choose the Next Training Load,,,766,progression_and_effort,medium,yes,no,no,no,yes,no,no,no,unknown,unknown,REVIEW_AFTER_SEARCH_CONSOLE,/progressive-overload,shared source-only cluster: progression_and_effort (45 URLs),Health-sensitive topic requires source and review audit before acquisition use.
/blog/autoregulation-vs-traditional-training,autoregulation-vs-traditional-training,Autoregulation Versus Fixed Loading: What the Evidence Says,,,728,general_training,low,yes,no,no,no,yes,no,no,no,unknown,unknown,NOINDEX_OR_EXPERT_REVIEW,/blog,shared source-only cluster: general_training (79 URLs),Health-sensitive topic requires source and review audit before acquisition use.
/blog/beetroot-juice-nitrates-muscle-performance,beetroot-juice-nitrates-muscle-performance,Beetroot Juice and Nitrates for Lifting: What the Evidence Shows,,,668,recovery_and_health,low,yes,no,no,no,yes,no,no,no,unknown,unknown,NOINDEX_OR_EXPERT_REVIEW,/blog,shared source-only cluster: recovery_and_health (52 URLs),Health-sensitive topic requires source and review audit before acquisition use.
/blog/bench-press-grip-width-chest-science,bench-press-grip-width-chest-science,"Bench-Press Grip Width: Strength, Comfort, and Trade-offs",,,624,recovery_and_health,low,yes,no,no,no,yes,no,no,no,unknown,unknown,NOINDEX_OR_EXPERT_REVIEW,/blog,shared source-only cluster: recovery_and_health (52 URLs),Health-sensitive topic requires source and review audit before acquisition use.
/blog/best-hypertrophy-app-ios-review,best-hypertrophy-app-ios-review,Best Hypertrophy App for iOS: What Serious Lifters Should Look For,Workout Apps,2026-05-15,1150,workout_apps_migration,low,yes,no,no,no,yes,no,no,no,unknown,unknown,KEEP_AND_IMPROVE,/hevy-alternative,shared source-only cluster: workout_apps_migration (18 URLs),Health-sensitive topic requires source and review audit before acquisition use.
/blog/best-supplements-strength-athletes,best-supplements-strength-athletes,Best Supplements for Strength Athletes: Evidence-Based Priorities,Supplements,2026-02-26,742,general_training,low,yes,no,no,no,yes,no,no,no,unknown,unknown,NOINDEX_OR_EXPERT_REVIEW,/blog,shared source-only cluster: general_training (79 URLs),Health-sensitive topic requires source and review audit before acquisition use.
/blog/best-workout-app-hypertrophy-2026,best-workout-app-hypertrophy-2026,Best Workout App for Hypertrophy: Features That Actually Matter,Workout Apps,2026-05-15,788,workout_apps_migration,medium,no,no,no,no,yes,no,no,no,unknown,unknown,KEEP_AND_IMPROVE,/hevy-alternative,shared source-only cluster: workout_apps_migration (18 URLs),Source-only inventory; demand and links not yet checked.
/blog/beta-alanine-strength-training-science-2026,beta-alanine-strength-training-science-2026,Beta-Alanine for Strength Training: Where It Fits,,,758,general_training,low,no,no,no,no,yes,no,no,no,unknown,unknown,REVIEW_AFTER_SEARCH_CONSOLE,/blog,shared source-only cluster: general_training (79 URLs),Source-only inventory; demand and links not yet checked.
/blog/beta-ecdysterone-muscle-anabolic-research,beta-ecdysterone-muscle-anabolic-research,Beta-Ecdysterone for Muscle Growth: Research Review,Supplements,2026-03-02,712,general_training,low,no,no,no,no,yes,no,no,no,unknown,unknown,REVIEW_AFTER_SEARCH_CONSOLE,/blog,shared source-only cluster: general_training (79 URLs),Source-only inventory; demand and links not yet checked.
/blog/beta-ecdysterone-muscle-growth,beta-ecdysterone-muscle-growth,Beta-Ecdysterone for Muscle Growth: A Cautious Guide,Supplements,2026-02-28,753,general_training,low,no,no,no,no,yes,no,no,no,unknown,unknown,REVIEW_AFTER_SEARCH_CONSOLE,/blog,shared source-only cluster: general_training (79 URLs),Source-only inventory; demand and links not yet checked.
/blog/betaine-supplementation-strength-power-science,betaine-supplementation-strength-power-science,Betaine Supplementation: What the Strength Evidence Shows,Supplements,2026-03-01,600,nutrition_and_supplements,low,yes,no,no,no,yes,no,no,no,unknown,unknown,NOINDEX_OR_EXPERT_REVIEW,/blog,shared source-only cluster: nutrition_and_supplements (48 URLs),Health-sensitive topic requires source and review audit before acquisition use.
/blog/block-periodization-focused-training-phases,block-periodization-focused-training-phases,Block Periodization: When Focused Training Phases Make Sense,,,722,volume_and_programming,low,no,no,no,no,yes,no,no,no,unknown,unknown,REVIEW_AFTER_SEARCH_CONSOLE,/tools/weekly-volume-checker,shared source-only cluster: volume_and_programming (41 URLs),Source-only inventory; demand and links not yet checked.
/blog/blood-biomarkers-lifters-guide-2026,blood-biomarkers-lifters-guide-2026,Blood Tests for Lifters: What They Can and Cannot Tell You,,,1199,general_training,low,yes,no,no,no,yes,no,no,no,unknown,unknown,NOINDEX_OR_EXPERT_REVIEW,/blog,shared source-only cluster: general_training (79 URLs),Health-sensitive topic requires source and review audit before acquisition use.
/blog/blood-flow-restriction-training-science,blood-flow-restriction-training-science,Blood-Flow-Restriction Training: What Light-Load Research Shows,,,787,general_training,low,yes,no,no,no,yes,no,no,no,unknown,unknown,NOINDEX_OR_EXPERT_REVIEW,/blog,shared source-only cluster: general_training (79 URLs),Health-sensitive topic requires source and review audit before acquisition use.
/blog/blood-glucose-monitoring-lifters-cgm-muscle-building,blood-glucose-monitoring-lifters-cgm-muscle-building,Continuous Glucose Monitors for Lifters: What They Can Tell You,,,672,general_training,low,yes,no,no,no,yes,no,no,no,unknown,unknown,NOINDEX_OR_EXPERT_REVIEW,/blog,shared source-only cluster: general_training (79 URLs),Health-sensitive topic requires source and review audit before acquisition use.
/blog/blood-pressure-resistance-training-lifting,blood-pressure-resistance-training-lifting,Blood Pressure and Resistance Training: A Safer Practical Guide,Health,,760,general_training,low,yes,no,no,no,yes,no,no,no,unknown,unknown,NOINDEX_OR_EXPERT_REVIEW,/blog,shared source-only cluster: general_training (79 URLs),Health-sensitive topic requires source and review audit before acquisition use.
/blog/body-recomposition-science-lose-fat-gain-muscle,body-recomposition-science-lose-fat-gain-muscle,Body Recomposition: Losing Fat While Building or Preserving Muscle,,,923,nutrition_and_supplements,low,yes,no,no,no,yes,no,no,no,unknown,unknown,NOINDEX_OR_EXPERT_REVIEW,/blog,shared source-only cluster: nutrition_and_supplements (48 URLs),Health-sensitive topic requires source and review audit before acquisition use.
/blog/body-types-science-fitness-2026,body-types-science-fitness-2026,Body Types and Training: What Somatotypes Can—and Cannot—Predict,,,606,general_training,low,yes,no,no,no,yes,no,no,no,unknown,unknown,NOINDEX_OR_EXPERT_REVIEW,/blog,shared source-only cluster: general_training (79 URLs),Health-sensitive topic requires source and review audit before acquisition use.
/blog/bodyweight-training-muscle-building-science,bodyweight-training-muscle-building-science,Can You Build Muscle Without Weights? A Practical Guide,Training,,924,exercise_selection,low,yes,no,no,no,yes,no,no,no,unknown,unknown,NOINDEX_OR_EXPERT_REVIEW,/blog,shared source-only cluster: exercise_selection (36 URLs),Health-sensitive topic requires source and review audit before acquisition use.
/blog/bone-density-resistance-training-science,bone-density-resistance-training-science,Resistance Training and Bone Density: What the Evidence Supports,,,651,exercise_selection,low,yes,no,no,no,yes,no,no,no,unknown,unknown,NOINDEX_OR_EXPERT_REVIEW,/blog,shared source-only cluster: exercise_selection (36 URLs),Health-sensitive topic requires source and review audit before acquisition use.
/blog/bpc-157-peptide-science-recovery-evidence,bpc-157-peptide-science-recovery-evidence,BPC-157 for Injury Recovery: What the Evidence Shows,Health,2026-02-25,766,recovery_and_health,low,yes,no,no,no,yes,no,no,no,unknown,unknown,NOINDEX_OR_EXPERT_REVIEW,/blog,shared source-only cluster: recovery_and_health (52 URLs),Health-sensitive topic requires source and review audit before acquisition use.
/blog/bracing-intra-abdominal-pressure-strength-science,bracing-intra-abdominal-pressure-strength-science,Bracing and Intra-Abdominal Pressure for Strength Training,,,981,recovery_and_health,low,yes,no,no,no,yes,no,no,no,unknown,unknown,NOINDEX_OR_EXPERT_REVIEW,/blog,shared source-only cluster: recovery_and_health (52 URLs),Health-sensitive topic requires source and review audit before acquisition use.
/blog/breathing-techniques-strength-training-science,breathing-techniques-strength-training-science,Breathing Techniques for Heavy Lifts: A Practical Evidence Guide,,,946,general_training,low,yes,no,no,no,yes,no,no,no,unknown,unknown,NOINDEX_OR_EXPERT_REVIEW,/blog,shared source-only cluster: general_training (79 URLs),Health-sensitive topic requires source and review audit before acquisition use.
/blog/building-muscle-budget-protein-sources,building-muscle-budget-protein-sources,Building Muscle on a Budget: The Science of Cheap Protein Sources,,,1113,nutrition_and_supplements,low,yes,no,no,no,yes,no,no,no,unknown,unknown,NOINDEX_OR_EXPERT_REVIEW,/blog,shared source-only cluster: nutrition_and_supplements (48 URLs),Health-sensitive topic requires source and review audit before acquisition use.
/blog/caffeine-pre-workout-science-2026,caffeine-pre-workout-science-2026,Caffeine and Pre-Workout: What the Evidence Supports,Supplements,2026-02-26,604,nutrition_and_supplements,low,no,no,no,no,yes,no,no,no,unknown,unknown,REVIEW_AFTER_SEARCH_CONSOLE,/blog,shared source-only cluster: nutrition_and_supplements (48 URLs),Source-only inventory; demand and links not yet checked.
/blog/calf-muscle-hypertrophy-training-science,calf-muscle-hypertrophy-training-science,Calf Muscle Growth: What Volume Research Actually Shows,,,732,volume_and_programming,low,yes,no,no,no,yes,no,no,no,unknown,unknown,NOINDEX_OR_EXPERT_REVIEW,/tools/weekly-volume-checker,shared source-only cluster: volume_and_programming (41 URLs),Health-sensitive topic requires source and review audit before acquisition use.
/blog/carbohydrates-muscle-growth-science,carbohydrates-muscle-growth-science,"Carbohydrates for Muscle Growth: Glycogen, Performance, and Practical Intake",Nutrition,,859,general_training,low,yes,no,no,no,yes,no,no,no,unknown,unknown,NOINDEX_OR_EXPERT_REVIEW,/blog,shared source-only cluster: general_training (79 URLs),Health-sensitive topic requires source and review audit before acquisition use.
/blog/cardio-strength-athletes-science,cardio-strength-athletes-science,Cardio for Strength Athletes: Concurrent Training Without the Hype,,,631,volume_and_programming,low,no,no,no,no,yes,no,no,no,unknown,unknown,REVIEW_AFTER_SEARCH_CONSOLE,/tools/weekly-volume-checker,shared source-only cluster: volume_and_programming (41 URLs),Source-only inventory; demand and links not yet checked.
/blog/chronotype-training-optimization,chronotype-training-optimization,Chronotype and Training Time: How Much Does It Matter?,,,510,general_training,low,no,no,no,no,yes,no,no,no,unknown,unknown,REVIEW_AFTER_SEARCH_CONSOLE,/blog,shared source-only cluster: general_training (79 URLs),Source-only inventory; demand and links not yet checked.
/blog/circadian-rhythm-training-time-muscle-growth,circadian-rhythm-training-time-muscle-growth,"Training Time of Day: Circadian Rhythms, Strength, and Muscle Growth",,,518,general_training,low,yes,no,no,no,yes,no,no,no,unknown,unknown,NOINDEX_OR_EXPERT_REVIEW,/blog,shared source-only cluster: general_training (79 URLs),Health-sensitive topic requires source and review audit before acquisition use.
/blog/circadian-training-timing-muscle-growth,circadian-training-timing-muscle-growth,Morning or Evening Training: Does Timing Affect Muscle Growth?,,,580,general_training,low,yes,no,no,no,yes,no,no,no,unknown,unknown,NOINDEX_OR_EXPERT_REVIEW,/blog,shared source-only cluster: general_training (79 URLs),Health-sensitive topic requires source and review audit before acquisition use.
/blog/citrulline-malate-pre-workout-science-2026,citrulline-malate-pre-workout-science-2026,Citrulline Malate: What the Pre-Workout Evidence Shows,Supplements,2026-02-25,542,recovery_and_health,low,no,no,no,no,yes,no,no,no,unknown,unknown,REVIEW_AFTER_SEARCH_CONSOLE,/blog,shared source-only cluster: recovery_and_health (52 URLs),Source-only inventory; demand and links not yet checked.
/blog/citrulline-supplementation-strength-training,citrulline-supplementation-strength-training,Citrulline for Strength Training: What the Pump Evidence Shows,Supplements,2026-03-02,528,volume_and_programming,low,no,no,no,no,yes,no,no,no,unknown,unknown,REVIEW_AFTER_SEARCH_CONSOLE,/tools/weekly-volume-checker,shared source-only cluster: volume_and_programming (41 URLs),Source-only inventory; demand and links not yet checked.
/blog/cluster-sets-hypertrophy-2026,cluster-sets-hypertrophy-2026,"Cluster Sets: A Way to Redistribute Rest, Not a Guaranteed Growth Upgrade",,,670,volume_and_programming,low,yes,no,no,no,yes,no,no,no,unknown,unknown,NOINDEX_OR_EXPERT_REVIEW,/tools/weekly-volume-checker,shared source-only cluster: volume_and_programming (41 URLs),Health-sensitive topic requires source and review audit before acquisition use.
/blog/co2-tolerance-training-strength-lifts,co2-tolerance-training-strength-lifts,CO2 Tolerance and Strength Training: What Breathing Practice Can Do,,,969,general_training,low,yes,no,no,no,yes,no,no,no,unknown,unknown,NOINDEX_OR_EXPERT_REVIEW,/blog,shared source-only cluster: general_training (79 URLs),Health-sensitive topic requires source and review audit before acquisition use.
/blog/cold-water-immersion-muscle-growth-science-2026,cold-water-immersion-muscle-growth-science-2026,Cold-Water Immersion and Muscle Growth: Separate Soreness from Adaptation,,,596,recovery_and_health,low,no,no,no,no,yes,no,no,no,unknown,unknown,REVIEW_AFTER_SEARCH_CONSOLE,/blog,shared source-only cluster: recovery_and_health (52 URLs),Source-only inventory; demand and links not yet checked.
/blog/collagen-peptides-muscle-tendon-stiffness-2025,collagen-peptides-muscle-tendon-stiffness-2025,Collagen Peptides for Tendons: What the Evidence Shows,,,731,nutrition_and_supplements,low,yes,no,no,no,yes,no,no,no,unknown,unknown,NOINDEX_OR_EXPERT_REVIEW,/blog,shared source-only cluster: nutrition_and_supplements (48 URLs),Health-sensitive topic requires source and review audit before acquisition use.
/blog/complete-guide-muscle-building-2026,complete-guide-muscle-building-2026,How to Build Muscle: A Practical Starting Plan,Foundation,,1088,nutrition_and_supplements,low,yes,no,no,no,yes,no,no,no,unknown,unknown,NOINDEX_OR_EXPERT_REVIEW,/blog,shared source-only cluster: nutrition_and_supplements (48 URLs),Health-sensitive topic requires source and review audit before acquisition use.
/blog/compound-vs-isolation-hypertrophy-science,compound-vs-isolation-hypertrophy-science,Compound vs Isolation Exercises for Hypertrophy: How to Choose,,,668,progression_and_effort,low,yes,no,no,no,yes,no,no,no,unknown,unknown,NOINDEX_OR_EXPERT_REVIEW,/progressive-overload,shared source-only cluster: progression_and_effort (45 URLs),Health-sensitive topic requires source and review audit before acquisition use.
/blog/concurrent-training-interference-effect-2026,concurrent-training-interference-effect-2026,Concurrent Strength and Hypertrophy Training: How to Combine Goals,,,788,recovery_and_health,low,yes,no,no,no,yes,no,no,no,unknown,unknown,NOINDEX_OR_EXPERT_REVIEW,/blog,shared source-only cluster: recovery_and_health (52 URLs),Health-sensitive topic requires source and review audit before acquisition use.
/blog/coq10-strength-athletes-mitochondria,coq10-strength-athletes-mitochondria,CoQ10 for Strength Athletes: What the Evidence Shows,Supplements,2026-03-05,500,exercise_selection,low,yes,no,no,no,yes,no,no,no,unknown,unknown,NOINDEX_OR_EXPERT_REVIEW,/blog,shared source-only cluster: exercise_selection (36 URLs),Health-sensitive topic requires source and review audit before acquisition use.
/blog/cortisol-muscle-growth-stress-hormone,cortisol-muscle-growth-stress-hormone,"Cortisol, Stress, and Muscle Growth: What Lifters Should Know",,,632,recovery_and_health,low,yes,no,no,no,yes,no,no,no,unknown,unknown,NOINDEX_OR_EXPERT_REVIEW,/blog,shared source-only cluster: recovery_and_health (52 URLs),Health-sensitive topic requires source and review audit before acquisition use.
/blog/creatine-caffeine-interaction-muscle-science,creatine-caffeine-interaction-muscle-science,Creatine and Caffeine: Do They Cancel Each Other Out?,Supplements,2026-02-26,585,nutrition_and_supplements,low,no,no,no,no,yes,no,no,no,unknown,unknown,REVIEW_AFTER_SEARCH_CONSOLE,/blog,shared source-only cluster: nutrition_and_supplements (48 URLs),Source-only inventory; demand and links not yet checked.
/blog/creatine-loading-phase-necessary-research,creatine-loading-phase-necessary-research,Creatine Loading Phase: What the Research Says,,2026-02-27,873,nutrition_and_supplements,low,yes,no,no,no,yes,no,no,no,unknown,unknown,NOINDEX_OR_EXPERT_REVIEW,/blog,shared source-only cluster: nutrition_and_supplements (48 URLs),Health-sensitive topic requires source and review audit before acquisition use.
/blog/creatine-loading-phase-necessary,creatine-loading-phase-necessary,Creatine Loading Phase: Necessary or Not?,,2026-02-28,133,nutrition_and_supplements,low,yes,no,no,no,yes,no,no,no,unknown,unknown,NOINDEX_OR_EXPERT_REVIEW,/blog,shared source-only cluster: nutrition_and_supplements (48 URLs),Health-sensitive topic requires source and review audit before acquisition use.
/blog/creatine-monohydrate-science-2026,creatine-monohydrate-science-2026,"Creatine Monohydrate: Benefits, Loading, Safety, and Limits",,,743,nutrition_and_supplements,low,yes,no,no,no,yes,no,no,no,unknown,unknown,NOINDEX_OR_EXPERT_REVIEW,/blog,shared source-only cluster: nutrition_and_supplements (48 URLs),Health-sensitive topic requires source and review audit before acquisition use.
/blog/creatine-science-2025,creatine-science-2025,The Science of Creatine: What 2025 Research Really Says,,,926,nutrition_and_supplements,low,no,no,no,no,yes,no,no,no,unknown,unknown,REVIEW_AFTER_SEARCH_CONSOLE,/blog,shared source-only cluster: nutrition_and_supplements (48 URLs),Source-only inventory; demand and links not yet checked.
/blog/daily-readiness-training-wearable-data,daily-readiness-training-wearable-data,Daily Readiness Training: How to Use Wearable Data Without Overfitting,,,979,recovery_and_health,low,yes,no,no,no,yes,no,no,no,unknown,unknown,NOINDEX_OR_EXPERT_REVIEW,/blog,shared source-only cluster: recovery_and_health (52 URLs),Health-sensitive topic requires source and review audit before acquisition use.
/blog/daily-steps-muscle-growth-science-2026,daily-steps-muscle-growth-science-2026,"Daily Steps, Recovery, and Muscle Growth: What We Can Actually Say",,,652,recovery_and_health,low,no,no,no,no,yes,no,no,no,unknown,unknown,REVIEW_AFTER_SEARCH_CONSOLE,/blog,shared source-only cluster: recovery_and_health (52 URLs),Source-only inventory; demand and links not yet checked.
/blog/deload-weeks-muscle-science,deload-weeks-muscle-science,Deload Weeks: When Reduced Training May Help,,,721,recovery_and_health,low,yes,no,no,no,yes,no,no,no,unknown,unknown,NOINDEX_OR_EXPERT_REVIEW,/blog,shared source-only cluster: recovery_and_health (52 URLs),Health-sensitive topic requires source and review audit before acquisition use.
/blog/dileucine-supplement-muscle-protein-synthesis-research,dileucine-supplement-muscle-protein-synthesis-research,Dileucine and Muscle Protein Synthesis: What One Trial Shows,Supplements,2026-02-25,506,nutrition_and_supplements,low,no,no,no,no,yes,no,no,no,unknown,unknown,REVIEW_AFTER_SEARCH_CONSOLE,/blog,shared source-only cluster: nutrition_and_supplements (48 URLs),Source-only inventory; demand and links not yet checked.
/blog/drop-sets-intensity-techniques-science,drop-sets-intensity-techniques-science,Drop Sets and Intensity Techniques: What They Add,,,676,volume_and_programming,low,yes,no,no,no,yes,no,no,no,unknown,unknown,NOINDEX_OR_EXPERT_REVIEW,/tools/weekly-volume-checker,shared source-only cluster: volume_and_programming (41 URLs),Health-sensitive topic requires source and review audit before acquisition use.
/blog/dynamic-warm-up-strength-training-science,dynamic-warm-up-strength-training-science,Dynamic Warm-Ups for Strength Training: What They Can Do,,,665,volume_and_programming,low,yes,no,no,no,yes,no,no,no,unknown,unknown,NOINDEX_OR_EXPERT_REVIEW,/tools/weekly-volume-checker,shared source-only cluster: volume_and_programming (41 URLs),Health-sensitive topic requires source and review audit before acquisition use.
/blog/eccentric-overload-training-muscle-growth-2026,eccentric-overload-training-muscle-growth-2026,Eccentric Overload Training: What It May Add to Hypertrophy,,,706,general_training,low,yes,no,no,no,yes,no,no,no,unknown,unknown,NOINDEX_OR_EXPERT_REVIEW,/blog,shared source-only cluster: general_training (79 URLs),Health-sensitive topic requires source and review audit before acquisition use.
/blog/effective-training-volume-quality-not-quantity,effective-training-volume-quality-not-quantity,Why Not All Sets Are Equal: The Science of Effective Training Volume,,,851,volume_and_programming,medium,no,no,no,no,yes,no,no,no,unknown,unknown,REVIEW_AFTER_SEARCH_CONSOLE,/tools/weekly-volume-checker,shared source-only cluster: volume_and_programming (41 URLs),Source-only inventory; demand and links not yet checked.
/blog/electrical-muscle-stimulation-ems-training-hypertrophy,electrical-muscle-stimulation-ems-training-hypertrophy,Electrical Muscle Stimulation for Hypertrophy: What It Can and Cannot Do,,,672,general_training,low,yes,no,no,no,yes,no,no,no,unknown,unknown,NOINDEX_OR_EXPERT_REVIEW,/blog,shared source-only cluster: general_training (79 URLs),Health-sensitive topic requires source and review audit before acquisition use.
/blog/epicatechin-cocoa-flavanol-muscle-growth,epicatechin-cocoa-flavanol-muscle-growth,Epicatechin: The Cocoa Flavanol for Muscle Growth,,2026-03-03,1308,general_training,low,yes,no,no,no,yes,no,no,no,unknown,unknown,NOINDEX_OR_EXPERT_REVIEW,/blog,shared source-only cluster: general_training (79 URLs),Health-sensitive topic requires source and review audit before acquisition use.
/blog/estrogen-muscle-building-hormone-science,estrogen-muscle-building-hormone-science,Estrogen and Muscle: What Lifters Can Actually Conclude,,,704,recovery_and_health,low,yes,no,no,no,yes,no,no,no,unknown,unknown,NOINDEX_OR_EXPERT_REVIEW,/blog,shared source-only cluster: recovery_and_health (52 URLs),Health-sensitive topic requires source and review audit before acquisition use.
/blog/exercise-biomechanics-grip-stance-leverage,exercise-biomechanics-grip-stance-leverage,"Exercise Biomechanics: Grip, Stance, Leverage, and Muscle Demand",,,903,exercise_selection,low,yes,no,no,no,yes,no,no,no,unknown,unknown,NOINDEX_OR_EXPERT_REVIEW,/blog,shared source-only cluster: exercise_selection (36 URLs),Health-sensitive topic requires source and review audit before acquisition use.
/blog/exercise-order-hypertrophy-programming,exercise-order-hypertrophy-programming,Exercise Order: The Programming Variable Nobody Talks About,,,991,volume_and_programming,low,yes,no,no,no,yes,no,no,no,unknown,unknown,NOINDEX_OR_EXPERT_REVIEW,/tools/weekly-volume-checker,shared source-only cluster: volume_and_programming (41 URLs),Health-sensitive topic requires source and review audit before acquisition use.
/blog/exercise-order-pre-exhaustion-science,exercise-order-pre-exhaustion-science,Pre-Exhaustion and Exercise Order: What the Evidence Supports,,,636,recovery_and_health,low,no,no,no,no,yes,no,no,no,unknown,unknown,REVIEW_AFTER_SEARCH_CONSOLE,/blog,shared source-only cluster: recovery_and_health (52 URLs),Source-only inventory; demand and links not yet checked.
/blog/exercise-snacking-muscle-science-2026,exercise-snacking-muscle-science-2026,Exercise Snacking: Can Short Resistance Bouts Still Help?,,,554,exercise_selection,low,yes,no,no,no,yes,no,no,no,unknown,unknown,NOINDEX_OR_EXPERT_REVIEW,/blog,shared source-only cluster: exercise_selection (36 URLs),Health-sensitive topic requires source and review audit before acquisition use.
/blog/exercise-variation-muscle-growth-rotation,exercise-variation-muscle-growth-rotation,Exercise Variation and Muscle Growth: When to Change a Lift,,,780,progression_and_effort,low,yes,no,no,no,yes,no,no,no,unknown,unknown,NOINDEX_OR_EXPERT_REVIEW,/progressive-overload,shared source-only cluster: progression_and_effort (45 URLs),Health-sensitive topic requires source and review audit before acquisition use.
/blog/exerkines-muscle-signaling-molecules-2026,exerkines-muscle-signaling-molecules-2026,Exerkines and Myokines: What Exercise Signals Can—and Cannot—Tell You,,,740,recovery_and_health,low,yes,no,no,no,yes,no,no,no,unknown,unknown,NOINDEX_OR_EXPERT_REVIEW,/blog,shared source-only cluster: recovery_and_health (52 URLs),Health-sensitive topic requires source and review audit before acquisition use.
/blog/fasted-vs-fed-training-2025-research,fasted-vs-fed-training-2025-research,Fasted vs Fed Training: What the 2025 Meta-Analysis Found,Nutrition,,807,general_training,low,yes,no,no,no,yes,no,no,no,unknown,unknown,NOINDEX_OR_EXPERT_REVIEW,/blog,shared source-only cluster: general_training (79 URLs),Health-sensitive topic requires source and review audit before acquisition use.
/blog/fasted-vs-fed-training-muscle-growth-2026,fasted-vs-fed-training-muscle-growth-2026,Fasted vs Fed Training: A Practical Guide to Meal Timing,Nutrition,,923,recovery_and_health,low,yes,no,no,no,yes,no,no,no,unknown,unknown,NOINDEX_OR_EXPERT_REVIEW,/blog,shared source-only cluster: recovery_and_health (52 URLs),Health-sensitive topic requires source and review audit before acquisition use.
/blog/foam-rolling-recovery-science-2025,foam-rolling-recovery-science-2025,Foam Rolling for Recovery: What the Evidence Supports,,,668,recovery_and_health,low,yes,no,no,no,yes,no,no,no,unknown,unknown,NOINDEX_OR_EXPERT_REVIEW,/blog,shared source-only cluster: recovery_and_health (52 URLs),Health-sensitive topic requires source and review audit before acquisition use.
/blog/forearm-hypertrophy-training-science,forearm-hypertrophy-training-science,The Science of Forearm Hypertrophy: What Actually Works,,,1089,progression_and_effort,low,yes,no,no,no,yes,no,no,no,unknown,unknown,NOINDEX_OR_EXPERT_REVIEW,/progressive-overload,shared source-only cluster: progression_and_effort (45 URLs),Health-sensitive topic requires source and review audit before acquisition use.
/blog/glp-1-muscle-preservation-science-2026,glp-1-muscle-preservation-science-2026,GLP-1 Medicines and Muscle Preservation During Weight Loss,,,775,general_training,low,yes,no,no,no,yes,no,no,no,unknown,unknown,NOINDEX_OR_EXPERT_REVIEW,/blog,shared source-only cluster: general_training (79 URLs),Health-sensitive topic requires source and review audit before acquisition use.
/blog/glycine-supplementation-lifters-science,glycine-supplementation-lifters-science,"Glycine for Lifters: Sleep, Collagen Biology, and Evidence Limits",,,630,recovery_and_health,low,yes,no,no,no,yes,no,no,no,unknown,unknown,NOINDEX_OR_EXPERT_REVIEW,/blog,shared source-only cluster: recovery_and_health (52 URLs),Health-sensitive topic requires source and review audit before acquisition use.
/blog/grip-strength-longevity-muscle-building-2026,grip-strength-longevity-muscle-building-2026,"Grip Strength, Training, and Longevity: What the Metric Means",,,598,general_training,low,yes,no,no,no,yes,no,no,no,unknown,unknown,NOINDEX_OR_EXPERT_REVIEW,/blog,shared source-only cluster: general_training (79 URLs),Health-sensitive topic requires source and review audit before acquisition use.
/blog/gut-microbiome-muscle-building-probiotics-2026,gut-microbiome-muscle-building-probiotics-2026,Gut Microbiome and Muscle Building: What Lifters Need to Know,,,1124,nutrition_and_supplements,low,no,no,no,no,yes,no,no,no,unknown,unknown,REVIEW_AFTER_SEARCH_CONSOLE,/blog,shared source-only cluster: nutrition_and_supplements (48 URLs),Source-only inventory; demand and links not yet checked.
/blog/gut-microbiome-muscle-growth-science,gut-microbiome-muscle-growth-science,The Gut-Muscle Axis: How Your Microbiome Affects Muscle Growth,,,1132,nutrition_and_supplements,low,yes,no,no,no,yes,no,no,no,unknown,unknown,NOINDEX_OR_EXPERT_REVIEW,/blog,shared source-only cluster: nutrition_and_supplements (48 URLs),Health-sensitive topic requires source and review audit before acquisition use.
/blog/gut-muscle-axis-microbiome-muscle-building,gut-muscle-axis-microbiome-muscle-building,The Gut-Muscle Axis: What Microbiome Research Can—and Cannot—Tell Lifters,,,735,general_training,low,yes,no,no,no,yes,no,no,no,unknown,unknown,NOINDEX_OR_EXPERT_REVIEW,/blog,shared source-only cluster: general_training (79 URLs),Health-sensitive topic requires source and review audit before acquisition use.
/blog/gym-gloves-vs-bare-hand-forearm-science,gym-gloves-vs-bare-hand-forearm-science,Gym Gloves vs Bare Hands: What the Science Says About Grip and Forearm Growth,,,937,general_training,low,yes,no,no,no,yes,no,no,no,unknown,unknown,NOINDEX_OR_EXPERT_REVIEW,/blog,shared source-only cluster: general_training (79 URLs),Health-sensitive topic requires source and review audit before acquisition use.
/blog/heat-shock-proteins-muscle-growth-2026,heat-shock-proteins-muscle-growth-2026,"Heat Shock Proteins, Sauna, and Muscle: What the Evidence Shows",,,671,general_training,low,no,no,no,no,yes,no,no,no,unknown,unknown,REVIEW_AFTER_SEARCH_CONSOLE,/blog,shared source-only cluster: general_training (79 URLs),Source-only inventory; demand and links not yet checked.
/blog/heat-training-muscle-growth-science-2026,heat-training-muscle-growth-science-2026,Heat Training and Muscle Growth: What We Actually Know,,,679,workout_apps_migration,medium,yes,no,no,no,yes,no,no,no,unknown,unknown,REVIEW_AFTER_SEARCH_CONSOLE,/hevy-alternative,shared source-only cluster: workout_apps_migration (18 URLs),Health-sensitive topic requires source and review audit before acquisition use.
/blog/hevy-import-guide,hevy-import-guide,Hevy Import Guide: How to Move Workout History Into a Better Hypertrophy Tracker,Workout Apps,2026-05-15,764,workout_apps_migration,medium,yes,no,no,no,yes,no,no,no,unknown,unknown,KEEP_AND_IMPROVE,/hevy-alternative,shared source-only cluster: workout_apps_migration (18 URLs),Health-sensitive topic requires source and review audit before acquisition use.
/blog/hgh-boosters-natural-compounds-lifters,hgh-boosters-natural-compounds-lifters,Natural HGH Boosters: What Lifters Should Know,Supplements,2026-02-24,576,nutrition_and_supplements,low,yes,no,no,no,yes,no,no,no,unknown,unknown,NOINDEX_OR_EXPERT_REVIEW,/blog,shared source-only cluster: nutrition_and_supplements (48 URLs),Health-sensitive topic requires source and review audit before acquisition use.
/blog/hmb-supplementation-muscle-building-2026,hmb-supplementation-muscle-building-2026,HMB for Muscle: Who Might Benefit and What Is Uncertain,,,660,general_training,low,yes,no,no,no,yes,no,no,no,unknown,unknown,NOINDEX_OR_EXPERT_REVIEW,/blog,shared source-only cluster: general_training (79 URLs),Health-sensitive topic requires source and review audit before acquisition use.
/blog/hmb-supplementation-strength-athletes,hmb-supplementation-strength-athletes,HMB for Strength Athletes: What the Evidence Shows,Supplements,2026-03-02,560,volume_and_programming,low,yes,no,no,no,yes,no,no,no,unknown,unknown,NOINDEX_OR_EXPERT_REVIEW,/tools/weekly-volume-checker,shared source-only cluster: volume_and_programming (41 URLs),Health-sensitive topic requires source and review audit before acquisition use.
/blog/how-to-progress-gym-framework,how-to-progress-gym-framework,How to Progress in the Gym: A Science-Based Framework,Training,,630,progression_and_effort,medium,yes,no,no,no,yes,no,no,no,unknown,unknown,REVIEW_AFTER_SEARCH_CONSOLE,/progressive-overload,shared source-only cluster: progression_and_effort (45 URLs),Health-sensitive topic requires source and review audit before acquisition use.
/blog/hrv-training-optimization-science-2026,hrv-training-optimization-science-2026,Heart Rate Variability and Training: How to Use the Signal Carefully,,,931,recovery_and_health,low,yes,no,no,no,yes,no,no,no,unknown,unknown,NOINDEX_OR_EXPERT_REVIEW,/blog,shared source-only cluster: recovery_and_health (52 URLs),Health-sensitive topic requires source and review audit before acquisition use.
/blog/hydration-electrolytes-muscle-building-science,hydration-electrolytes-muscle-building-science,Hydration and Electrolytes for Lifters: A Practical Evidence-Based Guide,,,1076,nutrition_and_supplements,low,yes,no,no,no,yes,no,no,no,unknown,unknown,NOINDEX_OR_EXPERT_REVIEW,/blog,shared source-only cluster: nutrition_and_supplements (48 URLs),Health-sensitive topic requires source and review audit before acquisition use.
/blog/hypertrophy-app-vs-generic-tracker,hypertrophy-app-vs-generic-tracker,Hypertrophy App vs Generic Workout Tracker: What Actually Matters,Workout Apps,2026-05-15,851,workout_apps_migration,medium,no,no,no,no,yes,no,no,no,unknown,unknown,KEEP_AND_IMPROVE,/hevy-alternative,shared source-only cluster: workout_apps_migration (18 URLs),Source-only inventory; demand and links not yet checked.
/blog/hypertrophy-training-muscle-oxidative-capacity-endurance,hypertrophy-training-muscle-oxidative-capacity-endurance,Hypertrophy Training and Muscle Oxidative Capacity: What High-Repetition Work Adds,,,613,recovery_and_health,low,no,no,no,no,yes,no,no,no,unknown,unknown,REVIEW_AFTER_SEARCH_CONSOLE,/blog,shared source-only cluster: recovery_and_health (52 URLs),Source-only inventory; demand and links not yet checked.
/blog/hypertrophy-training-myths-2026,hypertrophy-training-myths-2026,Hypertrophy Training Myths: What the Evidence Actually Says,,,829,volume_and_programming,low,yes,no,no,no,yes,no,no,no,unknown,unknown,NOINDEX_OR_EXPERT_REVIEW,/tools/weekly-volume-checker,shared source-only cluster: volume_and_programming (41 URLs),Health-sensitive topic requires source and review audit before acquisition use.
/blog/immune-cell-muscle-repair-discovery-2026,immune-cell-muscle-repair-discovery-2026,Macrophages and Muscle Repair: What the New Study Found,,,867,recovery_and_health,low,yes,no,no,no,yes,no,no,no,unknown,unknown,NOINDEX_OR_EXPERT_REVIEW,/blog,shared source-only cluster: recovery_and_health (52 URLs),Health-sensitive topic requires source and review audit before acquisition use.
/blog/import-hevy-to-surpass,import-hevy-to-surpass,Import Hevy to Surpass: Move Your Workout History Without Starting Over,Workout Apps,2026-05-17,711,workout_apps_migration,medium,yes,no,no,no,yes,no,no,no,unknown,unknown,KEEP_AND_IMPROVE,/hevy-alternative,shared source-only cluster: workout_apps_migration (18 URLs),Health-sensitive topic requires source and review audit before acquisition use.
/blog/influencer-training-programs-science-analysis,influencer-training-programs-science-analysis,Influencer Training Programs: How to Read the Claims,,,853,general_training,low,yes,no,no,no,yes,no,no,no,unknown,unknown,NOINDEX_OR_EXPERT_REVIEW,/blog,shared source-only cluster: general_training (79 URLs),Health-sensitive topic requires source and review audit before acquisition use.
/blog/insulin-muscle-building-science,insulin-muscle-building-science,Insulin and Muscle Building: What Lifters Need to Know,,,1008,nutrition_and_supplements,low,yes,no,no,no,yes,no,no,no,unknown,unknown,NOINDEX_OR_EXPERT_REVIEW,/blog,shared source-only cluster: nutrition_and_supplements (48 URLs),Health-sensitive topic requires source and review audit before acquisition use.
/blog/inter-set-stretching-muscle-growth-science,inter-set-stretching-muscle-growth-science,Inter-Set Stretching for Muscle Growth: What We Know,,,831,volume_and_programming,low,yes,no,no,no,yes,no,no,no,unknown,unknown,NOINDEX_OR_EXPERT_REVIEW,/tools/weekly-volume-checker,shared source-only cluster: volume_and_programming (41 URLs),Health-sensitive topic requires source and review audit before acquisition use.
/blog/intermittent-fasting-muscle-building-research-2026,intermittent-fasting-muscle-building-research-2026,Intermittent Fasting and Muscle Building: What the Evidence Supports,,,780,nutrition_and_supplements,low,yes,no,no,no,yes,no,no,no,unknown,unknown,NOINDEX_OR_EXPERT_REVIEW,/blog,shared source-only cluster: nutrition_and_supplements (48 URLs),Health-sensitive topic requires source and review audit before acquisition use.
/blog/ischemic-preconditioning-strength-lifts-blood-flow,ischemic-preconditioning-strength-lifts-blood-flow,"Ischemic Preconditioning for Lifting: An Acute Experiment, Not a Blood-Flow Hack",,,634,exercise_selection,low,yes,no,no,no,yes,no,no,no,unknown,unknown,NOINDEX_OR_EXPERT_REVIEW,/blog,shared source-only cluster: exercise_selection (36 URLs),Health-sensitive topic requires source and review audit before acquisition use.
/blog/isometric-training-muscle-growth-science,isometric-training-muscle-growth-science,"Isometric Training for Strength, Muscle, and Tendons",,,602,general_training,low,yes,no,no,no,yes,no,no,no,unknown,unknown,NOINDEX_OR_EXPERT_REVIEW,/blog,shared source-only cluster: general_training (79 URLs),Health-sensitive topic requires source and review audit before acquisition use.
/blog/isometric-training-tendon-strength-muscle,isometric-training-tendon-strength-muscle,Isometric Training for Strength and Tendon Loading,,,864,general_training,low,yes,no,no,no,yes,no,no,no,unknown,unknown,NOINDEX_OR_EXPERT_REVIEW,/blog,shared source-only cluster: general_training (79 URLs),Health-sensitive topic requires source and review audit before acquisition use.
/blog/jeff-nippard-muscle-lab-fitness-research-facility-2026,jeff-nippard-muscle-lab-fitness-research-facility-2026,Jeff Nippard's Muscle Lab: What a Private Fitness Facility Can—and Cannot—Prove,,,853,general_training,low,yes,no,no,no,yes,no,no,no,unknown,unknown,NOINDEX_OR_EXPERT_REVIEW,/blog,shared source-only cluster: general_training (79 URLs),Health-sensitive topic requires source and review audit before acquisition use.
/blog/jeff-nippard-science-based-fitness-movement,jeff-nippard-science-based-fitness-movement,Jeff Nippard and Science-Based Fitness: How to Evaluate the Claims,,,811,workout_apps_migration,medium,yes,no,no,no,yes,no,no,no,unknown,unknown,REVIEW_AFTER_SEARCH_CONSOLE,/hevy-alternative,shared source-only cluster: workout_apps_migration (18 URLs),Health-sensitive topic requires source and review audit before acquisition use.
/blog/jeff-nippard-vs-mike-mentzer-training-philosophy,jeff-nippard-vs-mike-mentzer-training-philosophy,Jeff Nippard vs Mike Mentzer: The Training Philosophy Battle Explained,,,1078,volume_and_programming,low,yes,no,no,no,yes,no,no,no,unknown,unknown,NOINDEX_OR_EXPERT_REVIEW,/tools/weekly-volume-checker,shared source-only cluster: volume_and_programming (41 URLs),Health-sensitive topic requires source and review audit before acquisition use.
/blog/keto-diet-strength-training-muscle-building-2026,keto-diet-strength-training-muscle-building-2026,"Keto and Strength Training: Muscle, Performance, and Trade-offs",,,750,volume_and_programming,low,no,no,no,no,yes,no,no,no,unknown,unknown,REVIEW_AFTER_SEARCH_CONSOLE,/tools/weekly-volume-checker,shared source-only cluster: volume_and_programming (41 URLs),Source-only inventory; demand and links not yet checked.
/blog/kettlebell-training-hypertrophy-muscle-building,kettlebell-training-hypertrophy-muscle-building,Kettlebell Training for Hypertrophy: How to Build Muscle with a Bell,,,935,progression_and_effort,low,yes,no,no,no,yes,no,no,no,unknown,unknown,NOINDEX_OR_EXPERT_REVIEW,/progressive-overload,shared source-only cluster: progression_and_effort (45 URLs),Health-sensitive topic requires source and review audit before acquisition use.
/blog/knee-health-squat-science-protecting-joints,knee-health-squat-science-protecting-joints,"Knee Health for Lifters: Squats, Pain, and Load Management",,,1022,recovery_and_health,low,yes,no,no,no,yes,no,no,no,unknown,unknown,NOINDEX_OR_EXPERT_REVIEW,/blog,shared source-only cluster: recovery_and_health (52 URLs),Health-sensitive topic requires source and review audit before acquisition use.
/blog/l-carnitine-supplementation-strength-hypertrophy,l-carnitine-supplementation-strength-hypertrophy,L-Carnitine for Strength Athletes: What the Research Shows,Supplements,2026-03-02,507,general_training,low,yes,no,no,no,yes,no,no,no,unknown,unknown,NOINDEX_OR_EXPERT_REVIEW,/blog,shared source-only cluster: general_training (79 URLs),Health-sensitive topic requires source and review audit before acquisition use.
/blog/lean-pork-muscle-protein-synthesis-2025,lean-pork-muscle-protein-synthesis-2025,Lean vs High-Fat Pork After Training: What One Acute Study Shows,,,703,nutrition_and_supplements,low,no,no,no,no,yes,no,no,no,unknown,unknown,REVIEW_AFTER_SEARCH_CONSOLE,/blog,shared source-only cluster: nutrition_and_supplements (48 URLs),Source-only inventory; demand and links not yet checked.
/blog/lean-vs-fatty-meat-2025-research,lean-vs-fatty-meat-2025-research,Lean vs Fatty Meat: The Surprising 2025 Research That Changes Everything,,,763,general_training,low,yes,no,no,no,yes,no,no,no,unknown,unknown,NOINDEX_OR_EXPERT_REVIEW,/blog,shared source-only cluster: general_training (79 URLs),Health-sensitive topic requires source and review audit before acquisition use.
/blog/lifting-joint-pain-arthritis-science,lifting-joint-pain-arthritis-science,Lifting with Joint Pain or Arthritis: A Safer Evidence-Based Framework,,,847,progression_and_effort,low,yes,no,no,no,yes,no,no,no,unknown,unknown,NOINDEX_OR_EXPERT_REVIEW,/progressive-overload,shared source-only cluster: progression_and_effort (45 URLs),Health-sensitive topic requires source and review audit before acquisition use.
/blog/lifting-straps-gains-guide,lifting-straps-gains-guide,Lifting Straps: When They Help and What They Do Not Replace,,,643,exercise_selection,low,yes,no,no,no,yes,no,no,no,unknown,unknown,NOINDEX_OR_EXPERT_REVIEW,/blog,shared source-only cluster: exercise_selection (36 URLs),Health-sensitive topic requires source and review audit before acquisition use.
/blog/light-vs-heavy-weights-2025-research,light-vs-heavy-weights-2025-research,Light Weights vs. Heavy Weights for Muscle and Strength,,,613,recovery_and_health,low,yes,no,no,no,yes,no,no,no,unknown,unknown,NOINDEX_OR_EXPERT_REVIEW,/blog,shared source-only cluster: recovery_and_health (52 URLs),Health-sensitive topic requires source and review audit before acquisition use.
/blog/liver-muscle-axis-gains,liver-muscle-axis-gains,The Liver-Muscle Axis: Physiology Without the “Hidden Gains” Claim,,,713,general_training,low,yes,no,no,no,yes,no,no,no,unknown,unknown,NOINDEX_OR_EXPERT_REVIEW,/blog,shared source-only cluster: general_training (79 URLs),Health-sensitive topic requires source and review audit before acquisition use.
/blog/load-tempo-equivalence-2025-research,load-tempo-equivalence-2025-research,Load and Repetition Tempo: What Actually Matters for Hypertrophy,,,582,general_training,low,yes,no,no,no,yes,no,no,no,unknown,unknown,NOINDEX_OR_EXPERT_REVIEW,/blog,shared source-only cluster: general_training (79 URLs),Health-sensitive topic requires source and review audit before acquisition use.
/blog/load-vs-reps-progressive-overload,load-vs-reps-progressive-overload,Load vs Reps: How to Progress Resistance Training,,,698,progression_and_effort,medium,yes,no,no,no,yes,no,no,no,unknown,unknown,KEEP_AND_IMPROVE,/progressive-overload,shared source-only cluster: progression_and_effort (45 URLs),Health-sensitive topic requires source and review audit before acquisition use.
/blog/local-igf-1-muscle-growth-factors,local-igf-1-muscle-growth-factors,Local IGF-1 and Muscle Growth: What the Human Evidence Shows,,,743,exercise_selection,low,yes,no,no,no,yes,no,no,no,unknown,unknown,NOINDEX_OR_EXPERT_REVIEW,/blog,shared source-only cluster: exercise_selection (36 URLs),Health-sensitive topic requires source and review audit before acquisition use.
/blog/longitudinal-hypertrophy-mtor-independent-pathway,longitudinal-hypertrophy-mtor-independent-pathway,Mechanotransduction and Muscle Growth: What the Biology Can Tell Lifters,,,719,nutrition_and_supplements,low,yes,no,no,no,yes,no,no,no,unknown,unknown,NOINDEX_OR_EXPERT_REVIEW,/blog,shared source-only cluster: nutrition_and_supplements (48 URLs),Health-sensitive topic requires source and review audit before acquisition use.
/blog/machines-vs-free-weights-2025-research,machines-vs-free-weights-2025-research,Machines vs Free Weights: What the Evidence Actually Says,,,717,general_training,low,yes,no,no,no,yes,no,no,no,unknown,unknown,NOINDEX_OR_EXPERT_REVIEW,/blog,shared source-only cluster: general_training (79 URLs),Health-sensitive topic requires source and review audit before acquisition use.
/blog/magnesium-strength-training-mineral-gains,magnesium-strength-training-mineral-gains,Magnesium and Strength Training: What Lifters Need to Know,,,769,recovery_and_health,low,yes,no,no,no,yes,no,no,no,unknown,unknown,NOINDEX_OR_EXPERT_REVIEW,/blog,shared source-only cluster: recovery_and_health (52 URLs),Health-sensitive topic requires source and review audit before acquisition use.
/blog/magnesium-supplementation-strength-athletes,magnesium-supplementation-strength-athletes,Magnesium for Strength Athletes: What the Evidence Shows,Supplements,2026-03-03,549,general_training,low,yes,no,no,no,yes,no,no,no,unknown,unknown,NOINDEX_OR_EXPERT_REVIEW,/blog,shared source-only cluster: general_training (79 URLs),Health-sensitive topic requires source and review audit before acquisition use.
/blog/mechanical-tension-vs-muscle-damage-growth,mechanical-tension-vs-muscle-damage-growth,"Why Mechanical Tension, Not Muscle Damage, Drives Growth: The Science",,,715,recovery_and_health,low,yes,no,no,no,yes,no,no,no,unknown,unknown,NOINDEX_OR_EXPERT_REVIEW,/blog,shared source-only cluster: recovery_and_health (52 URLs),Health-sensitive topic requires source and review audit before acquisition use.
/blog/mechanotransduction-muscle-cells-feel-weight,mechanotransduction-muscle-cells-feel-weight,Mechanotransduction: How Muscle Cells Sense Resistance,,,647,nutrition_and_supplements,low,yes,no,no,no,yes,no,no,no,unknown,unknown,NOINDEX_OR_EXPERT_REVIEW,/blog,shared source-only cluster: nutrition_and_supplements (48 URLs),Health-sensitive topic requires source and review audit before acquisition use.
/blog/melatonin-muscle-recovery-lifters-science,melatonin-muscle-recovery-lifters-science,Melatonin for Lifters: What the Exercise Evidence Actually Shows,,,659,recovery_and_health,low,yes,no,no,no,yes,no,no,no,unknown,unknown,NOINDEX_OR_EXPERT_REVIEW,/blog,shared source-only cluster: recovery_and_health (52 URLs),Health-sensitive topic requires source and review audit before acquisition use.
/blog/menstrual-cycle-training-muscle-growth,menstrual-cycle-training-muscle-growth,Menstrual Cycle Training: Does Timing Matter for Muscle Growth?,,,619,volume_and_programming,low,yes,no,no,no,yes,no,no,no,unknown,unknown,NOINDEX_OR_EXPERT_REVIEW,/tools/weekly-volume-checker,shared source-only cluster: volume_and_programming (41 URLs),Health-sensitive topic requires source and review audit before acquisition use.
/blog/mental-fatigue-training-performance-cns,mental-fatigue-training-performance-cns,Mental Fatigue and Resistance Training: What It Can Change,,,649,recovery_and_health,low,yes,no,no,no,yes,no,no,no,unknown,unknown,NOINDEX_OR_EXPERT_REVIEW,/blog,shared source-only cluster: recovery_and_health (52 URLs),Health-sensitive topic requires source and review audit before acquisition use.
/blog/mental-rehearsal-visualization-strength-gains,mental-rehearsal-visualization-strength-gains,"Mental Imagery for Strength: A Skill Aid, Not a Muscle-Building Substitute",,,655,exercise_selection,low,yes,no,no,no,yes,no,no,no,unknown,unknown,NOINDEX_OR_EXPERT_REVIEW,/blog,shared source-only cluster: exercise_selection (36 URLs),Health-sensitive topic requires source and review audit before acquisition use.
/blog/metabolic-stress-lactate-muscle-growth-2026,metabolic-stress-lactate-muscle-growth-2026,Metabolic Stress and Lactate: What It Means for Muscle Growth,,,690,progression_and_effort,low,no,no,no,no,yes,no,no,no,unknown,unknown,REVIEW_AFTER_SEARCH_CONSOLE,/progressive-overload,shared source-only cluster: progression_and_effort (45 URLs),Source-only inventory; demand and links not yet checked.
/blog/metabolic-stress-vs-mechanical-tension,metabolic-stress-vs-mechanical-tension,Metabolic Stress vs Mechanical Tension: How to Use the Concepts,,,597,volume_and_programming,low,yes,no,no,no,yes,no,no,no,unknown,unknown,NOINDEX_OR_EXPERT_REVIEW,/tools/weekly-volume-checker,shared source-only cluster: volume_and_programming (41 URLs),Health-sensitive topic requires source and review audit before acquisition use.
/blog/mike-mentzer-heavy-duty-training-science-2026,mike-mentzer-heavy-duty-training-science-2026,Mike Mentzer's Heavy Duty Training: What Can It Do in 2026?,,,852,volume_and_programming,low,yes,no,no,no,yes,no,no,no,unknown,unknown,NOINDEX_OR_EXPERT_REVIEW,/tools/weekly-volume-checker,shared source-only cluster: volume_and_programming (41 URLs),Health-sensitive topic requires source and review audit before acquisition use.
/blog/mike-mentzer-high-intensity-training-2026,mike-mentzer-high-intensity-training-2026,Mike Mentzer's High-Intensity Training: What the Evidence Can Support,,,790,volume_and_programming,low,yes,no,no,no,yes,no,no,no,unknown,unknown,NOINDEX_OR_EXPERT_REVIEW,/tools/weekly-volume-checker,shared source-only cluster: volume_and_programming (41 URLs),Health-sensitive topic requires source and review audit before acquisition use.
/blog/mind-muscle-connection-science-gains,mind-muscle-connection-science-gains,Mind-Muscle Connection: The Science Behind Thinking Your Way to Bigger Gains,,,1246,general_training,low,yes,no,no,no,yes,no,no,no,unknown,unknown,NOINDEX_OR_EXPERT_REVIEW,/blog,shared source-only cluster: general_training (79 URLs),Health-sensitive topic requires source and review audit before acquisition use.
/blog/mind-muscle-connection-science-hypertrophy,mind-muscle-connection-science-hypertrophy,Mind-Muscle Connection: Science or Snake Oil?,,,1036,general_training,low,yes,no,no,no,yes,no,no,no,unknown,unknown,NOINDEX_OR_EXPERT_REVIEW,/blog,shared source-only cluster: general_training (79 URLs),Health-sensitive topic requires source and review audit before acquisition use.
/blog/mind-muscle-connection-science,mind-muscle-connection-science,The Mind-Muscle Connection: What Attention Can and Cannot Do,,,515,general_training,low,no,no,no,no,yes,no,no,no,unknown,unknown,REVIEW_AFTER_SEARCH_CONSOLE,/blog,shared source-only cluster: general_training (79 URLs),Source-only inventory; demand and links not yet checked.
/blog/minimum-effective-dose-muscle-growth-2026,minimum-effective-dose-muscle-growth-2026,Minimum Effective Dose for Muscle Growth: How to Find Your Starting Point,,,894,volume_and_programming,low,yes,no,no,no,yes,no,no,no,unknown,unknown,NOINDEX_OR_EXPERT_REVIEW,/tools/weekly-volume-checker,shared source-only cluster: volume_and_programming (41 URLs),Health-sensitive topic requires source and review audit before acquisition use.
/blog/mitochondrial-dynamics-muscle-growth-hypertrophy,mitochondrial-dynamics-muscle-growth-hypertrophy,"Mitochondria, Resistance Training, and Muscle Growth: What We Know",,,674,general_training,low,no,no,no,no,yes,no,no,no,unknown,unknown,REVIEW_AFTER_SEARCH_CONSOLE,/blog,shared source-only cluster: general_training (79 URLs),Source-only inventory; demand and links not yet checked.
/blog/motor-unit-recruitment-rate-coding-neural-strength,motor-unit-recruitment-rate-coding-neural-strength,Motor-Unit Recruitment and Rate Coding: How Strength Adapts,,,663,progression_and_effort,low,yes,no,no,no,yes,no,no,no,unknown,unknown,NOINDEX_OR_EXPERT_REVIEW,/progressive-overload,shared source-only cluster: progression_and_effort (45 URLs),Health-sensitive topic requires source and review audit before acquisition use.
/blog/mtor-leucine-threshold-2026,mtor-leucine-threshold-2026,mTOR and Leucine: What the Muscle-Building Signal Really Tells You,,,586,nutrition_and_supplements,low,no,no,no,no,yes,no,no,no,unknown,unknown,REVIEW_AFTER_SEARCH_CONSOLE,/blog,shared source-only cluster: nutrition_and_supplements (48 URLs),Source-only inventory; demand and links not yet checked.
/blog/muscle-architecture-hypertrophy-science,muscle-architecture-hypertrophy-science,Muscle Architecture and Hypertrophy: What It Can Explain,,,593,exercise_selection,low,no,no,no,no,yes,no,no,no,unknown,unknown,REVIEW_AFTER_SEARCH_CONSOLE,/blog,shared source-only cluster: exercise_selection (36 URLs),Source-only inventory; demand and links not yet checked.
/blog/muscle-building-non-responders-science,muscle-building-non-responders-science,"When Muscle Growth Seems Stalled: Measurement, Training, and Individual Response",,,717,nutrition_and_supplements,low,yes,no,no,no,yes,no,no,no,unknown,unknown,NOINDEX_OR_EXPERT_REVIEW,/blog,shared source-only cluster: nutrition_and_supplements (48 URLs),Health-sensitive topic requires source and review audit before acquisition use.
/blog/muscle-cramps-lifting-science-prevention,muscle-cramps-lifting-science-prevention,Muscle Cramps During Lifting: What May Help and When to Get Help,,,724,exercise_selection,low,yes,no,no,no,yes,no,no,no,unknown,unknown,NOINDEX_OR_EXPERT_REVIEW,/blog,shared source-only cluster: exercise_selection (36 URLs),Health-sensitive topic requires source and review audit before acquisition use.
/blog/muscle-damage-doms-hypertrophy-science-2026,muscle-damage-doms-hypertrophy-science-2026,Muscle Damage and DOMS: What Soreness Does—and Does Not—Mean,,,656,recovery_and_health,low,yes,no,no,no,yes,no,no,no,unknown,unknown,NOINDEX_OR_EXPERT_REVIEW,/blog,shared source-only cluster: recovery_and_health (52 URLs),Health-sensitive topic requires source and review audit before acquisition use.
/blog/muscle-fiber-types-training-specificity,muscle-fiber-types-training-specificity,Muscle Fiber Types and Training: What Specificity Really Means,,,686,general_training,low,no,no,no,no,yes,no,no,no,unknown,unknown,REVIEW_AFTER_SEARCH_CONSOLE,/blog,shared source-only cluster: general_training (79 URLs),Source-only inventory; demand and links not yet checked.
/blog/muscle-glycogen-supercompensation-carb-loading,muscle-glycogen-supercompensation-carb-loading,Muscle Glycogen and Resistance Training: What Carbohydrate Timing Can Do,,,901,nutrition_and_supplements,low,no,no,no,no,yes,no,no,no,unknown,unknown,REVIEW_AFTER_SEARCH_CONSOLE,/blog,shared source-only cluster: nutrition_and_supplements (48 URLs),Source-only inventory; demand and links not yet checked.
/blog/muscle-group-training-frequency-optimal,muscle-group-training-frequency-optimal,How Often Should You Train Each Muscle Group?,,,567,volume_and_programming,low,no,no,no,no,yes,no,no,no,unknown,unknown,REVIEW_AFTER_SEARCH_CONSOLE,/tools/weekly-volume-checker,shared source-only cluster: volume_and_programming (41 URLs),Source-only inventory; demand and links not yet checked.
/blog/muscle-growth-timeline-2026,muscle-growth-timeline-2026,The Muscle-Growth Timeline: From a Workout to Adaptation,,,568,general_training,low,yes,no,no,no,yes,no,no,no,unknown,unknown,NOINDEX_OR_EXPERT_REVIEW,/blog,shared source-only cluster: general_training (79 URLs),Health-sensitive topic requires source and review audit before acquisition use.
/blog/muscle-memory-detraining-science-2026,muscle-memory-detraining-science-2026,Muscle Memory: The Science of Losing Gains (And Getting Them Back Faster),,,899,general_training,low,yes,no,no,no,yes,no,no,no,unknown,unknown,NOINDEX_OR_EXPERT_REVIEW,/blog,shared source-only cluster: general_training (79 URLs),Health-sensitive topic requires source and review audit before acquisition use.
/blog/muscle-memory-hypertrophy-detraining-science,muscle-memory-hypertrophy-detraining-science,Muscle Memory After Detraining: What the Science Shows,,,785,general_training,low,yes,no,no,no,yes,no,no,no,unknown,unknown,NOINDEX_OR_EXPERT_REVIEW,/blog,shared source-only cluster: general_training (79 URLs),Health-sensitive topic requires source and review audit before acquisition use.
/blog/muscle-memory-myonuclei-retention-science,muscle-memory-myonuclei-retention-science,Muscle Memory and Myonuclei: What Training May Retain,,,781,general_training,low,yes,no,no,no,yes,no,no,no,unknown,unknown,NOINDEX_OR_EXPERT_REVIEW,/blog,shared source-only cluster: general_training (79 URLs),Health-sensitive topic requires source and review audit before acquisition use.
/blog/muscle-memory-science-gains-faster,muscle-memory-science-gains-faster,Muscle Memory: Why Your Gains Come Back Faster,,,938,general_training,low,yes,no,no,no,yes,no,no,no,unknown,unknown,NOINDEX_OR_EXPERT_REVIEW,/blog,shared source-only cluster: general_training (79 URLs),Health-sensitive topic requires source and review audit before acquisition use.
/blog/muscle-memory-science-gains,muscle-memory-science-gains,Muscle Memory: The Science Behind Why Your Gains Stick,,,936,general_training,low,yes,no,no,no,yes,no,no,no,unknown,unknown,NOINDEX_OR_EXPERT_REVIEW,/blog,shared source-only cluster: general_training (79 URLs),Health-sensitive topic requires source and review audit before acquisition use.
/blog/muscle-protein-synthesis-refractory-period,muscle-protein-synthesis-refractory-period,The MPS Refractory Period: Why the 3–4 Hour Rule Is Not a Law,,,681,nutrition_and_supplements,low,no,no,no,no,yes,no,no,no,unknown,unknown,REVIEW_AFTER_SEARCH_CONSOLE,/blog,shared source-only cluster: nutrition_and_supplements (48 URLs),Source-only inventory; demand and links not yet checked.
/blog/muscle-pump-myth-2026,muscle-pump-myth-2026,The Muscle Pump Myth: What Science Actually Says,,,937,general_training,low,yes,no,no,no,yes,no,no,no,unknown,unknown,NOINDEX_OR_EXPERT_REVIEW,/blog,shared source-only cluster: general_training (79 URLs),Health-sensitive topic requires source and review audit before acquisition use.
/blog/muscle-quality-echogenicity-ultrasound-gains,muscle-quality-echogenicity-ultrasound-gains,Muscle Quality and Ultrasound: What Echogenicity Can Show,,,892,general_training,low,yes,no,no,no,yes,no,no,no,unknown,unknown,NOINDEX_OR_EXPERT_REVIEW,/blog,shared source-only cluster: general_training (79 URLs),Health-sensitive topic requires source and review audit before acquisition use.
/blog/music-strength-training-performance-science,music-strength-training-performance-science,Music and Strength Training: What the Evidence Supports,,,813,volume_and_programming,low,no,no,no,no,yes,no,no,no,unknown,unknown,REVIEW_AFTER_SEARCH_CONSOLE,/tools/weekly-volume-checker,shared source-only cluster: volume_and_programming (41 URLs),Source-only inventory; demand and links not yet checked.
/blog/myo-reps-rest-pause-training-efficiency,myo-reps-rest-pause-training-efficiency,"Myo-Reps and Rest-Pause Training: Efficient Tools, Not Magic",,,800,volume_and_programming,low,yes,no,no,no,yes,no,no,no,unknown,unknown,NOINDEX_OR_EXPERT_REVIEW,/tools/weekly-volume-checker,shared source-only cluster: volume_and_programming (41 URLs),Health-sensitive topic requires source and review audit before acquisition use.
/blog/myokines-muscle-endocrine-organ,myokines-muscle-endocrine-organ,Myokines and Exerkines: What Muscle-Signalling Research Actually Shows,,,666,recovery_and_health,low,yes,no,no,no,yes,no,no,no,unknown,unknown,NOINDEX_OR_EXPERT_REVIEW,/blog,shared source-only cluster: recovery_and_health (52 URLs),Health-sensitive topic requires source and review audit before acquisition use.
/blog/myostatin-muscle-growth-genetic-limits,myostatin-muscle-growth-genetic-limits,Myostatin and Muscle Growth: What Lifters Can and Cannot Infer,,,763,nutrition_and_supplements,low,yes,no,no,no,yes,no,no,no,unknown,unknown,NOINDEX_OR_EXPERT_REVIEW,/blog,shared source-only cluster: nutrition_and_supplements (48 URLs),Health-sensitive topic requires source and review audit before acquisition use.
/blog/nac-supplementation-exercise-performance,nac-supplementation-exercise-performance,NAC for Exercise Performance: What the Evidence Shows,Supplements,2026-03-04,528,volume_and_programming,low,yes,no,no,no,yes,no,no,no,unknown,unknown,NOINDEX_OR_EXPERT_REVIEW,/tools/weekly-volume-checker,shared source-only cluster: volume_and_programming (41 URLs),Health-sensitive topic requires source and review audit before acquisition use.
/blog/napping-muscle-recovery-growth-hormone-science,napping-muscle-recovery-growth-hormone-science,Napping for Training Recovery: What the Evidence Supports,,,566,recovery_and_health,low,yes,no,no,no,yes,no,no,no,unknown,unknown,NOINDEX_OR_EXPERT_REVIEW,/blog,shared source-only cluster: recovery_and_health (52 URLs),Health-sensitive topic requires source and review audit before acquisition use.
/blog/neck-training-lifters-strength-aesthetics,neck-training-lifters-strength-aesthetics,Neck Training for Lifters: A Conservative Evidence-Based Guide,,,741,recovery_and_health,low,yes,no,no,no,yes,no,no,no,unknown,unknown,NOINDEX_OR_EXPERT_REVIEW,/blog,shared source-only cluster: recovery_and_health (52 URLs),Health-sensitive topic requires source and review audit before acquisition use.
/blog/neuromuscular-efficiency-nervous-system-recruitment,neuromuscular-efficiency-nervous-system-recruitment,Neural Adaptations to Resistance Training: What Changes Before Muscle Size,,,724,general_training,low,yes,no,no,no,yes,no,no,no,unknown,unknown,NOINDEX_OR_EXPERT_REVIEW,/blog,shared source-only cluster: general_training (79 URLs),Health-sensitive topic requires source and review audit before acquisition use.
/blog/nicotinamide-riboside-nad-muscle-health,nicotinamide-riboside-nad-muscle-health,Nicotinamide Riboside and Muscle Health: What NAD+ Research Shows,,,635,general_training,low,yes,no,no,no,yes,no,no,no,unknown,unknown,NOINDEX_OR_EXPERT_REVIEW,/blog,shared source-only cluster: general_training (79 URLs),Health-sensitive topic requires source and review audit before acquisition use.
/blog/omega-3-fatty-acids-muscle-growth-2026,omega-3-fatty-acids-muscle-growth-2026,"Omega-3s and Muscle Growth: Strength Signals, Not a Hypertrophy Shortcut",,,536,nutrition_and_supplements,low,yes,no,no,no,yes,no,no,no,unknown,unknown,NOINDEX_OR_EXPERT_REVIEW,/blog,shared source-only cluster: nutrition_and_supplements (48 URLs),Health-sensitive topic requires source and review audit before acquisition use.
/blog/optimal-set-volume-2025-research,optimal-set-volume-2025-research,Training Volume Per Session: Why There Is No Universal 16-Set Limit,,,581,volume_and_programming,low,no,no,no,no,yes,no,no,no,unknown,unknown,REVIEW_AFTER_SEARCH_CONSOLE,/tools/weekly-volume-checker,shared source-only cluster: volume_and_programming (41 URLs),Source-only inventory; demand and links not yet checked.
/blog/optimal-workout-duration-2026,optimal-workout-duration-2026,How Long Should a Workout Last for Muscle Growth?,,,882,recovery_and_health,low,no,no,no,no,yes,no,no,no,unknown,unknown,REVIEW_AFTER_SEARCH_CONSOLE,/blog,shared source-only cluster: recovery_and_health (52 URLs),Source-only inventory; demand and links not yet checked.
/blog/periodization-dup-vs-linear-2026,periodization-dup-vs-linear-2026,Daily Undulating Periodization vs Linear Periodization: What the Science Says in 2026,,,1044,volume_and_programming,low,no,no,no,no,yes,no,no,no,unknown,unknown,REVIEW_AFTER_SEARCH_CONSOLE,/tools/weekly-volume-checker,shared source-only cluster: volume_and_programming (41 URLs),Source-only inventory; demand and links not yet checked.
/blog/photobiomodulation-low-level-laser-therapy-muscle-science,photobiomodulation-low-level-laser-therapy-muscle-science,Photobiomodulation for Lifters: What Low-Level Light Studies Actually Show,,,737,recovery_and_health,low,yes,no,no,no,yes,no,no,no,unknown,unknown,NOINDEX_OR_EXPERT_REVIEW,/blog,shared source-only cluster: recovery_and_health (52 URLs),Health-sensitive topic requires source and review audit before acquisition use.
/blog/plateaus-break-through-muscle,plateaus-break-through-muscle,Plateaus: Why You Stopped Growing (And How to Break Through),,2026-03-04,592,volume_and_programming,low,yes,no,no,no,yes,no,no,no,unknown,unknown,NOINDEX_OR_EXPERT_REVIEW,/tools/weekly-volume-checker,shared source-only cluster: volume_and_programming (41 URLs),Health-sensitive topic requires source and review audit before acquisition use.
/blog/post-activation-potentiation-pap-strength-science,post-activation-potentiation-pap-strength-science,PAP and PAPE: What Heavy Warm-Ups Can—and Cannot—Do,,,624,general_training,low,no,no,no,no,yes,no,no,no,unknown,unknown,REVIEW_AFTER_SEARCH_CONSOLE,/blog,shared source-only cluster: general_training (79 URLs),Source-only inventory; demand and links not yet checked.
/blog/pqq-supplementation-mitochondrial-muscle-health,pqq-supplementation-mitochondrial-muscle-health,PQQ for Muscle Health: What Human Evidence Shows,Supplements,2026-02-25,506,recovery_and_health,low,yes,no,no,no,yes,no,no,no,unknown,unknown,NOINDEX_OR_EXPERT_REVIEW,/blog,shared source-only cluster: recovery_and_health (52 URLs),Health-sensitive topic requires source and review audit before acquisition use.
/blog/pre-sleep-protein-casein-muscle-growth-2026,pre-sleep-protein-casein-muscle-growth-2026,Pre-Sleep Protein: What Casein Can—and Cannot—Add,,,712,nutrition_and_supplements,low,no,no,no,no,yes,no,no,no,unknown,unknown,REVIEW_AFTER_SEARCH_CONSOLE,/blog,shared source-only cluster: nutrition_and_supplements (48 URLs),Source-only inventory; demand and links not yet checked.
/blog/pre-workout-meal-science-fueling-training,pre-workout-meal-science-fueling-training,Pre-Workout Meals: How to Fuel Resistance Training Without a Magic Window,,,981,nutrition_and_supplements,low,yes,no,no,no,yes,no,no,no,unknown,unknown,NOINDEX_OR_EXPERT_REVIEW,/blog,shared source-only cluster: nutrition_and_supplements (48 URLs),Health-sensitive topic requires source and review audit before acquisition use.
/blog/pre-workout-protein-science-2026,pre-workout-protein-science-2026,Pre-Workout Protein and Muscle Growth: Timing in Context,,,959,nutrition_and_supplements,low,yes,no,no,no,yes,no,no,no,unknown,unknown,NOINDEX_OR_EXPERT_REVIEW,/blog,shared source-only cluster: nutrition_and_supplements (48 URLs),Health-sensitive topic requires source and review audit before acquisition use.
/blog/progress-stalled-hidden-factors-beyond-programming,progress-stalled-hidden-factors-beyond-programming,Why Progress Stalls: A Practical Audit Beyond Programming,,,863,progression_and_effort,low,yes,no,no,no,yes,no,no,no,unknown,unknown,NOINDEX_OR_EXPERT_REVIEW,/progressive-overload,shared source-only cluster: progression_and_effort (45 URLs),Health-sensitive topic requires source and review audit before acquisition use.
/blog/progressive-overload-app-works,progressive-overload-app-works,Progressive Overload App: Why Most Apps Fail and What Works,Workout Apps,2026-05-15,1035,progression_and_effort,medium,no,no,no,no,yes,no,no,no,unknown,unknown,KEEP_AND_IMPROVE,/progressive-overload,shared source-only cluster: progression_and_effort (45 URLs),Source-only inventory; demand and links not yet checked.
/blog/progressive-overload-beyond-adding-weight,progressive-overload-beyond-adding-weight,Progressive Overload: More Than Adding Weight,,,758,progression_and_effort,medium,yes,no,no,no,yes,no,no,no,unknown,unknown,KEEP_AND_IMPROVE,/progressive-overload,shared source-only cluster: progression_and_effort (45 URLs),Health-sensitive topic requires source and review audit before acquisition use.
/blog/progressive-overload-muscle-building,progressive-overload-muscle-building,Progressive Overload: How to Progress Without Guessing,,2026-03-04,626,progression_and_effort,medium,yes,no,no,no,yes,no,no,no,unknown,unknown,KEEP_AND_IMPROVE,/progressive-overload,shared source-only cluster: progression_and_effort (45 URLs),Health-sensitive topic requires source and review audit before acquisition use.
/blog/protein-distribution-muscle-protein-synthesis,protein-distribution-muscle-protein-synthesis,Protein Distribution: How to Spread Intake Without Chasing a Timer,,,586,nutrition_and_supplements,low,no,no,no,no,yes,no,no,no,unknown,unknown,REVIEW_AFTER_SEARCH_CONSOLE,/blog,shared source-only cluster: nutrition_and_supplements (48 URLs),Source-only inventory; demand and links not yet checked.
/blog/protein-muscle-growth-guide,protein-muscle-growth-guide,Protein and Muscle Growth: A Practical Guide,Nutrition,,621,nutrition_and_supplements,low,yes,no,no,no,yes,no,no,no,unknown,unknown,NOINDEX_OR_EXPERT_REVIEW,/blog,shared source-only cluster: nutrition_and_supplements (48 URLs),Health-sensitive topic requires source and review audit before acquisition use.
/blog/protein-optimization-muscle-growth,protein-optimization-muscle-growth,"Protein for Muscle Growth: Amount, Meals, and Timing",,,893,nutrition_and_supplements,low,yes,no,no,no,yes,no,no,no,unknown,unknown,NOINDEX_OR_EXPERT_REVIEW,/blog,shared source-only cluster: nutrition_and_supplements (48 URLs),Health-sensitive topic requires source and review audit before acquisition use.
/blog/protein-quality-pdcaas-diaas-muscle-growth,protein-quality-pdcaas-diaas-muscle-growth,"Protein Quality, PDCAAS, and DIAAS: What the Scores Can Tell You",,,615,nutrition_and_supplements,low,yes,no,no,no,yes,no,no,no,unknown,unknown,NOINDEX_OR_EXPERT_REVIEW,/blog,shared source-only cluster: nutrition_and_supplements (48 URLs),Health-sensitive topic requires source and review audit before acquisition use.
/blog/proximity-to-failure-hypertrophy-2026,proximity-to-failure-hypertrophy-2026,Load and Proximity to Failure: How to Choose Effort for Hypertrophy,,,645,progression_and_effort,medium,no,no,no,no,yes,no,no,no,unknown,unknown,REVIEW_AFTER_SEARCH_CONSOLE,/progressive-overload,shared source-only cluster: progression_and_effort (45 URLs),Source-only inventory; demand and links not yet checked.
/blog/psychology-muscle-building-habits,psychology-muscle-building-habits,The Psychology of Consistency: Building Training Habits,,,839,general_training,low,yes,no,no,no,yes,no,no,no,unknown,unknown,NOINDEX_OR_EXPERT_REVIEW,/blog,shared source-only cluster: general_training (79 URLs),Health-sensitive topic requires source and review audit before acquisition use.
/blog/psychology-muscle-building-mindset-habits,psychology-muscle-building-mindset-habits,The Psychology of Muscle Building: Habits That Make Training Repeatable,,,762,general_training,low,yes,no,no,no,yes,no,no,no,unknown,unknown,NOINDEX_OR_EXPERT_REVIEW,/blog,shared source-only cluster: general_training (79 URLs),Health-sensitive topic requires source and review audit before acquisition use.
/blog/rear-delt-training-neglected-muscle,rear-delt-training-neglected-muscle,Rear Delt Training: The Neglected Muscle That's Holding Back Your Physique,,,1021,progression_and_effort,low,yes,no,no,no,yes,no,no,no,unknown,unknown,NOINDEX_OR_EXPERT_REVIEW,/progressive-overload,shared source-only cluster: progression_and_effort (45 URLs),Health-sensitive topic requires source and review audit before acquisition use.
/blog/recovery-technologies-muscle-building-science,recovery-technologies-muscle-building-science,Recovery Technologies for Lifters: What Helps and What Is Mostly Hype,,,705,recovery_and_health,low,yes,no,no,no,yes,no,no,no,unknown,unknown,NOINDEX_OR_EXPERT_REVIEW,/blog,shared source-only cluster: recovery_and_health (52 URLs),Health-sensitive topic requires source and review audit before acquisition use.
/blog/red-light-therapy-muscle-growth-science,red-light-therapy-muscle-growth-science,Red Light Therapy for Muscle Growth: How to Read the Evidence,,,790,recovery_and_health,low,yes,no,no,no,yes,no,no,no,unknown,unknown,NOINDEX_OR_EXPERT_REVIEW,/blog,shared source-only cluster: recovery_and_health (52 URLs),Health-sensitive topic requires source and review audit before acquisition use.
/blog/rep-range-myth-muscle-growth-failure,rep-range-myth-muscle-growth-failure,Rep Ranges and Muscle Growth: What Matters More Than 8–12,,,750,progression_and_effort,low,yes,no,no,no,yes,no,no,no,unknown,unknown,NOINDEX_OR_EXPERT_REVIEW,/progressive-overload,shared source-only cluster: progression_and_effort (45 URLs),Health-sensitive topic requires source and review audit before acquisition use.
/blog/resistance-bands-hypertrophy-muscle-growth-science,resistance-bands-hypertrophy-muscle-growth-science,Resistance Bands for Muscle Growth: What the Evidence Supports,,,798,progression_and_effort,low,no,no,no,no,yes,no,no,no,unknown,unknown,REVIEW_AFTER_SEARCH_CONSOLE,/progressive-overload,shared source-only cluster: progression_and_effort (45 URLs),Source-only inventory; demand and links not yet checked.
/blog/resistance-training-hypoxia-altitude-muscle-growth,resistance-training-hypoxia-altitude-muscle-growth,Resistance Training in Hypoxia: Does Training at Altitude Build More Muscle?,,,686,general_training,low,yes,no,no,no,yes,no,no,no,unknown,unknown,NOINDEX_OR_EXPERT_REVIEW,/blog,shared source-only cluster: general_training (79 URLs),Health-sensitive topic requires source and review audit before acquisition use.
/blog/resistance-training-mental-health-brain-aging-2026,resistance-training-mental-health-brain-aging-2026,Resistance Training and Mental Health: What the Evidence Supports,,,635,volume_and_programming,low,yes,no,no,no,yes,no,no,no,unknown,unknown,NOINDEX_OR_EXPERT_REVIEW,/tools/weekly-volume-checker,shared source-only cluster: volume_and_programming (41 URLs),Health-sensitive topic requires source and review audit before acquisition use.
/blog/rest-intervals-hypertrophy-science,rest-intervals-hypertrophy-science,Rest Intervals for Hypertrophy: How Long Should You Wait?,,,578,exercise_selection,low,no,no,no,no,yes,no,no,no,unknown,unknown,REVIEW_AFTER_SEARCH_CONSOLE,/blog,shared source-only cluster: exercise_selection (36 URLs),Source-only inventory; demand and links not yet checked.
/blog/rest-periods-hypertrophy-science,rest-periods-hypertrophy-science,Rest Periods for Hypertrophy: How Long to Rest Between Sets,Training,,951,volume_and_programming,low,yes,no,no,no,yes,no,no,no,unknown,unknown,NOINDEX_OR_EXPERT_REVIEW,/tools/weekly-volume-checker,shared source-only cluster: volume_and_programming (41 URLs),Health-sensitive topic requires source and review audit before acquisition use.
/blog/rpe-vs-rir-autoregulation-2025,rpe-vs-rir-autoregulation-2025,RPE vs RIR vs Percentage-Based Training: A Practical Autoregulation Guide,Training,2025-01-01,663,progression_and_effort,medium,no,no,no,no,yes,no,no,no,unknown,unknown,KEEP_AND_IMPROVE,/progressive-overload,shared source-only cluster: progression_and_effort (45 URLs),Source-only inventory; demand and links not yet checked.
/blog/sarcoplasmic-vs-myofibrillar-hypertrophy-science-2026,sarcoplasmic-vs-myofibrillar-hypertrophy-science-2026,Sarcoplasmic vs Myofibrillar Hypertrophy: What the Evidence Shows,,,635,volume_and_programming,low,no,no,no,no,yes,no,no,no,unknown,unknown,REVIEW_AFTER_SEARCH_CONSOLE,/tools/weekly-volume-checker,shared source-only cluster: volume_and_programming (41 URLs),Source-only inventory; demand and links not yet checked.
/blog/satellite-cells-muscle-growth-science,satellite-cells-muscle-growth-science,Satellite Cells and Muscle Growth: What Human Research Shows,,,659,recovery_and_health,low,yes,no,no,no,yes,no,no,no,unknown,unknown,NOINDEX_OR_EXPERT_REVIEW,/blog,shared source-only cluster: recovery_and_health (52 URLs),Health-sensitive topic requires source and review audit before acquisition use.
/blog/sauna-muscle-recovery-lifters-science,sauna-muscle-recovery-lifters-science,Sauna Use for Lifters: Heat Therapy for Muscle Growth and Recovery,,,779,recovery_and_health,low,yes,no,no,no,yes,no,no,no,unknown,unknown,NOINDEX_OR_EXPERT_REVIEW,/blog,shared source-only cluster: recovery_and_health (52 URLs),Health-sensitive topic requires source and review audit before acquisition use.
/blog/sleep-deprivation-muscle-protein-synthesis,sleep-deprivation-muscle-protein-synthesis,Sleep Loss and Muscle Growth: What the Evidence Actually Shows,,,1020,nutrition_and_supplements,low,yes,no,no,no,yes,no,no,no,unknown,unknown,NOINDEX_OR_EXPERT_REVIEW,/blog,shared source-only cluster: nutrition_and_supplements (48 URLs),Health-sensitive topic requires source and review audit before acquisition use.
/blog/sleep-growth-hormone-brain-circuits-2026,sleep-growth-hormone-brain-circuits-2026,"Sleep, Growth Hormone, and Muscle: What the Research Shows",,,543,recovery_and_health,low,yes,no,no,no,yes,no,no,no,unknown,unknown,NOINDEX_OR_EXPERT_REVIEW,/blog,shared source-only cluster: recovery_and_health (52 URLs),Health-sensitive topic requires source and review audit before acquisition use.
/blog/sleep-growth-hormone-circuit-2025,sleep-growth-hormone-circuit-2025,The Sleep-Muscle Connection: 2025 Research on How Sleep Builds Muscle,,,836,recovery_and_health,low,yes,no,no,no,yes,no,no,no,unknown,unknown,NOINDEX_OR_EXPERT_REVIEW,/blog,shared source-only cluster: recovery_and_health (52 URLs),Health-sensitive topic requires source and review audit before acquisition use.
/blog/sleep-growth-hormone-circuit-muscle-building-2025,sleep-growth-hormone-circuit-muscle-building-2025,"Sleep, Growth Hormone, and Muscle: What the Research Shows",,,994,recovery_and_health,low,yes,no,no,no,yes,no,no,no,unknown,unknown,NOINDEX_OR_EXPERT_REVIEW,/blog,shared source-only cluster: recovery_and_health (52 URLs),Health-sensitive topic requires source and review audit before acquisition use.
/blog/sleep-hormones-muscle-growth,sleep-hormones-muscle-growth,Sleep and Muscle Growth: What Recovery Actually Does,Health,,847,nutrition_and_supplements,low,yes,no,no,no,yes,no,no,no,unknown,unknown,NOINDEX_OR_EXPERT_REVIEW,/blog,shared source-only cluster: nutrition_and_supplements (48 URLs),Health-sensitive topic requires source and review audit before acquisition use.
/blog/sleep-recovery-muscle-growth,sleep-recovery-muscle-growth,Sleep and Muscle Recovery: What the Human Evidence Supports,,,662,nutrition_and_supplements,low,yes,no,no,no,yes,no,no,no,unknown,unknown,NOINDEX_OR_EXPERT_REVIEW,/blog,shared source-only cluster: nutrition_and_supplements (48 URLs),Health-sensitive topic requires source and review audit before acquisition use.
/blog/sleep-wearables-lifters-2026,sleep-wearables-lifters-2026,Sleep Wearables for Lifters: What the Data Can Actually Tell You,,,1153,recovery_and_health,low,yes,no,no,no,yes,no,no,no,unknown,unknown,NOINDEX_OR_EXPERT_REVIEW,/blog,shared source-only cluster: recovery_and_health (52 URLs),Health-sensitive topic requires source and review audit before acquisition use.
/blog/sodium-bicarbonate-ergogenic-aid-performance,sodium-bicarbonate-ergogenic-aid-performance,Sodium Bicarbonate for High-Intensity Exercise: What It Can and Cannot Do,,,532,nutrition_and_supplements,low,yes,no,no,no,yes,no,no,no,unknown,unknown,NOINDEX_OR_EXPERT_REVIEW,/blog,shared source-only cluster: nutrition_and_supplements (48 URLs),Health-sensitive topic requires source and review audit before acquisition use.
/blog/spermidine-supplementation-muscle-autophagy,spermidine-supplementation-muscle-autophagy,Spermidine for Muscle Health: What Human Evidence Shows,Supplements,2026-02-25,555,general_training,low,yes,no,no,no,yes,no,no,no,unknown,unknown,NOINDEX_OR_EXPERT_REVIEW,/blog,shared source-only cluster: general_training (79 URLs),Health-sensitive topic requires source and review audit before acquisition use.
/blog/stanford-cartilage-regeneration-lifters-joints-2026,stanford-cartilage-regeneration-lifters-joints-2026,Cartilage Regeneration Research: What Lifters Should Know,,,819,general_training,low,yes,no,no,no,yes,no,no,no,unknown,unknown,NOINDEX_OR_EXPERT_REVIEW,/blog,shared source-only cluster: general_training (79 URLs),Health-sensitive topic requires source and review audit before acquisition use.
/blog/strength-vs-size-hypertrophy-science,strength-vs-size-hypertrophy-science,Training for Strength vs Size: Can You Actually Do Both?,,,915,volume_and_programming,low,yes,no,no,no,yes,no,no,no,unknown,unknown,NOINDEX_OR_EXPERT_REVIEW,/tools/weekly-volume-checker,shared source-only cluster: volume_and_programming (41 URLs),Health-sensitive topic requires source and review audit before acquisition use.
/blog/stretch-mediated-hypertrophy-lengthened-partials,stretch-mediated-hypertrophy-lengthened-partials,Lengthened Partials and Stretch-Mediated Hypertrophy: What We Know,,,627,general_training,low,yes,no,no,no,yes,no,no,no,unknown,unknown,NOINDEX_OR_EXPERT_REVIEW,/blog,shared source-only cluster: general_training (79 URLs),Health-sensitive topic requires source and review audit before acquisition use.
/blog/strong-to-surpass-import-guide,strong-to-surpass-import-guide,Strong to Surpass Import Guide: Check Your CSV Before Switching Apps,Workout Apps,2026-05-17,673,workout_apps_migration,medium,no,no,no,no,yes,no,no,no,unknown,unknown,KEEP_AND_IMPROVE,/hevy-alternative,shared source-only cluster: workout_apps_migration (18 URLs),Source-only inventory; demand and links not yet checked.
/blog/supercompensation-functional-overreaching,supercompensation-functional-overreaching,Supercompensation and Functional Overreaching: What They Mean,,,849,recovery_and_health,low,yes,no,no,no,yes,no,no,no,unknown,unknown,NOINDEX_OR_EXPERT_REVIEW,/blog,shared source-only cluster: recovery_and_health (52 URLs),Health-sensitive topic requires source and review audit before acquisition use.
/blog/supersets-hypertrophy-science-2026,supersets-hypertrophy-science-2026,Supersets for Hypertrophy: Time Efficiency and Trade-Offs,,,624,general_training,low,yes,no,no,no,yes,no,no,no,unknown,unknown,NOINDEX_OR_EXPERT_REVIEW,/blog,shared source-only cluster: general_training (79 URLs),Health-sensitive topic requires source and review audit before acquisition use.
/blog/supplement-stacking-science,supplement-stacking-science,Supplement Stacking: What Works Together and What Is Uncertain,Supplements,2026-02-25,707,volume_and_programming,low,yes,no,no,no,yes,no,no,no,unknown,unknown,NOINDEX_OR_EXPERT_REVIEW,/tools/weekly-volume-checker,shared source-only cluster: volume_and_programming (41 URLs),Health-sensitive topic requires source and review audit before acquisition use.
/blog/supplement-timing-science-muscle-building,supplement-timing-science-muscle-building,"Supplement Timing: Creatine, Protein, and Caffeine",Supplements,2026-02-25,642,nutrition_and_supplements,low,no,no,no,no,yes,no,no,no,unknown,unknown,REVIEW_AFTER_SEARCH_CONSOLE,/blog,shared source-only cluster: nutrition_and_supplements (48 URLs),Source-only inventory; demand and links not yet checked.
/blog/surpass-competitor-analysis-2026,surpass-competitor-analysis-2026,Surpass Competitor Analysis: The Complete Dossier,Business,,1437,general_training,low,yes,no,no,no,yes,no,no,no,unknown,unknown,NOINDEX_OR_EXPERT_REVIEW,/blog,shared source-only cluster: general_training (79 URLs),Health-sensitive topic requires source and review audit before acquisition use.
/blog/tart-cherry-juice-precovery-science,tart-cherry-juice-precovery-science,Tart Cherry Juice for Training Recovery: What “Precovery” Means,,,636,recovery_and_health,low,yes,no,no,no,yes,no,no,no,unknown,unknown,NOINDEX_OR_EXPERT_REVIEW,/blog,shared source-only cluster: recovery_and_health (52 URLs),Health-sensitive topic requires source and review audit before acquisition use.
/blog/taurine-supplementation-fitness-performance-2026,taurine-supplementation-fitness-performance-2026,Taurine and Exercise Performance: What the Evidence Actually Shows,,,637,exercise_selection,low,yes,no,no,no,yes,no,no,no,unknown,unknown,NOINDEX_OR_EXPERT_REVIEW,/blog,shared source-only cluster: exercise_selection (36 URLs),Health-sensitive topic requires source and review audit before acquisition use.
/blog/tempo-training-hypertrophy-science-2026,tempo-training-hypertrophy-science-2026,Tempo Training and Hypertrophy: How Fast Should Reps Be?,,,526,general_training,low,yes,no,no,no,yes,no,no,no,unknown,unknown,NOINDEX_OR_EXPERT_REVIEW,/blog,shared source-only cluster: general_training (79 URLs),Health-sensitive topic requires source and review audit before acquisition use.
/blog/tendon-training-science-weak-link-gains,tendon-training-science-weak-link-gains,"Tendon Training for Lifters: Loading, Progression, and Limits",,,672,progression_and_effort,low,yes,no,no,no,yes,no,no,no,unknown,unknown,NOINDEX_OR_EXPERT_REVIEW,/progressive-overload,shared source-only cluster: progression_and_effort (45 URLs),Health-sensitive topic requires source and review audit before acquisition use.
/blog/testosterone-muscle-building-science-2026,testosterone-muscle-building-science-2026,Testosterone and Muscle Building: What Lifters Need to Know,Health,,987,general_training,low,yes,no,no,no,yes,no,no,no,unknown,unknown,NOINDEX_OR_EXPERT_REVIEW,/blog,shared source-only cluster: general_training (79 URLs),Health-sensitive topic requires source and review audit before acquisition use.
/blog/thyroid-hormones-muscle-building-metabolism,thyroid-hormones-muscle-building-metabolism,"Thyroid Hormones, Training, and Muscle: A Clinical Evidence Guide",,,520,progression_and_effort,low,yes,no,no,no,yes,no,no,no,unknown,unknown,NOINDEX_OR_EXPERT_REVIEW,/progressive-overload,shared source-only cluster: progression_and_effort (45 URLs),Health-sensitive topic requires source and review audit before acquisition use.
/blog/time-under-tension-hypertrophy-science,time-under-tension-hypertrophy-science,Time Under Tension and Hypertrophy: What Tempo Can—and Cannot—Do,,,703,general_training,low,yes,no,no,no,yes,no,no,no,unknown,unknown,NOINDEX_OR_EXPERT_REVIEW,/blog,shared source-only cluster: general_training (79 URLs),Health-sensitive topic requires source and review audit before acquisition use.
/blog/tongkat-ali-testosterone-supplementation-lifters,tongkat-ali-testosterone-supplementation-lifters,Tongkat Ali for Lifters: What the Testosterone Evidence Shows,,,705,nutrition_and_supplements,low,yes,no,no,no,yes,no,no,no,unknown,unknown,NOINDEX_OR_EXPERT_REVIEW,/blog,shared source-only cluster: nutrition_and_supplements (48 URLs),Health-sensitive topic requires source and review audit before acquisition use.
/blog/train-through-soreness-vs-rest,train-through-soreness-vs-rest,Training With Muscle Soreness: When to Modify or Rest,,,1002,recovery_and_health,low,yes,no,no,no,yes,no,no,no,unknown,unknown,NOINDEX_OR_EXPERT_REVIEW,/blog,shared source-only cluster: recovery_and_health (52 URLs),Health-sensitive topic requires source and review audit before acquisition use.
/blog/training-age-hypertrophy-beginner-advanced,training-age-hypertrophy-beginner-advanced,Training Age and Muscle Growth: Why Progress Slows,,,954,general_training,low,yes,no,no,no,yes,no,no,no,unknown,unknown,NOINDEX_OR_EXPERT_REVIEW,/blog,shared source-only cluster: general_training (79 URLs),Health-sensitive topic requires source and review audit before acquisition use.
/blog/training-around-injuries-keep-gains-banged-up,training-around-injuries-keep-gains-banged-up,Training Around an Injury: A Safer Decision Framework,,,1019,recovery_and_health,low,yes,no,no,no,yes,no,no,no,unknown,unknown,NOINDEX_OR_EXPERT_REVIEW,/blog,shared source-only cluster: recovery_and_health (52 URLs),Health-sensitive topic requires source and review audit before acquisition use.
/blog/training-density-hypertrophy-optimization,training-density-hypertrophy-optimization,Training Density for Muscle Growth: Use Time Without Chasing Fatigue,,,699,volume_and_programming,medium,no,no,no,no,yes,no,no,no,unknown,unknown,REVIEW_AFTER_SEARCH_CONSOLE,/tools/weekly-volume-checker,shared source-only cluster: volume_and_programming (41 URLs),Source-only inventory; demand and links not yet checked.
/blog/training-frequency-muscle-growth-2025,training-frequency-muscle-growth-2025,Training Frequency for Muscle Growth: How Often Should You Lift?,,,575,volume_and_programming,low,no,no,no,no,yes,no,no,no,unknown,unknown,REVIEW_AFTER_SEARCH_CONSOLE,/tools/weekly-volume-checker,shared source-only cluster: volume_and_programming (41 URLs),Source-only inventory; demand and links not yet checked.
/blog/training-fundamentals-muscle-growth,training-fundamentals-muscle-growth,Training Fundamentals for Muscle Growth,Training,,737,progression_and_effort,medium,yes,no,no,no,yes,no,no,no,unknown,unknown,REVIEW_AFTER_SEARCH_CONSOLE,/progressive-overload,shared source-only cluster: progression_and_effort (45 URLs),Health-sensitive topic requires source and review audit before acquisition use.
/blog/training-hard-enough-body-signals,training-hard-enough-body-signals,How to Know If You're Training Hard Enough Without Tracking Everything,,,1016,general_training,low,yes,no,no,no,yes,no,no,no,unknown,unknown,NOINDEX_OR_EXPERT_REVIEW,/blog,shared source-only cluster: general_training (79 URLs),Health-sensitive topic requires source and review audit before acquisition use.
/blog/training-load-management-recovery-metrics,training-load-management-recovery-metrics,Training Load Management: How to Use Recovery Data,,,1015,recovery_and_health,low,yes,no,no,no,yes,no,no,no,unknown,unknown,NOINDEX_OR_EXPERT_REVIEW,/blog,shared source-only cluster: recovery_and_health (52 URLs),Health-sensitive topic requires source and review audit before acquisition use.
/blog/training-longevity-strength-decline-age-35,training-longevity-strength-decline-age-35,Strength Training After 35: What Ageing Research Actually Shows,,,843,exercise_selection,low,yes,no,no,no,yes,no,no,no,unknown,unknown,NOINDEX_OR_EXPERT_REVIEW,/blog,shared source-only cluster: exercise_selection (36 URLs),Health-sensitive topic requires source and review audit before acquisition use.
/blog/training-partners-spotters-strength-science,training-partners-spotters-strength-science,The Science of Training Partners: How Spotters Unlock Greater Strength Gains,,,781,general_training,low,yes,no,no,no,yes,no,no,no,unknown,unknown,NOINDEX_OR_EXPERT_REVIEW,/blog,shared source-only cluster: general_training (79 URLs),Health-sensitive topic requires source and review audit before acquisition use.
/blog/training-split-science-hypertrophy,training-split-science-hypertrophy,Training Splits: How to Choose a Routine That Builds Muscle,,,519,volume_and_programming,low,no,no,no,no,yes,no,no,no,unknown,unknown,REVIEW_AFTER_SEARCH_CONSOLE,/tools/weekly-volume-checker,shared source-only cluster: volume_and_programming (41 URLs),Source-only inventory; demand and links not yet checked.
/blog/training-to-failure-proximity,training-to-failure-proximity,Training to Failure: How Close Is Close Enough?,,,550,general_training,low,no,no,no,no,yes,no,no,no,unknown,unknown,REVIEW_AFTER_SEARCH_CONSOLE,/blog,shared source-only cluster: general_training (79 URLs),Source-only inventory; demand and links not yet checked.
/blog/training-volume-sets-muscle-growth-2026,training-volume-sets-muscle-growth-2026,Training Volume for Muscle Growth: How to Choose Weekly Sets,,,794,volume_and_programming,low,no,no,no,no,yes,no,no,no,unknown,unknown,REVIEW_AFTER_SEARCH_CONSOLE,/tools/weekly-volume-checker,shared source-only cluster: volume_and_programming (41 URLs),Source-only inventory; demand and links not yet checked.
/blog/training-while-sick-when-to-push-rest,training-while-sick-when-to-push-rest,Training While Sick: When to Rest and How to Return,,,841,general_training,low,yes,no,no,no,yes,no,no,no,unknown,unknown,NOINDEX_OR_EXPERT_REVIEW,/blog,shared source-only cluster: general_training (79 URLs),Health-sensitive topic requires source and review audit before acquisition use.
/blog/training-while-sleep-deprived-lifting-science,training-while-sleep-deprived-lifting-science,Training After Poor Sleep: How to Make a Safer Decision,,,597,recovery_and_health,low,yes,no,no,no,yes,no,no,no,unknown,unknown,NOINDEX_OR_EXPERT_REVIEW,/blog,shared source-only cluster: recovery_and_health (52 URLs),Health-sensitive topic requires source and review audit before acquisition use.
/blog/ultimate-science-muscle-hypertrophy-guide,ultimate-science-muscle-hypertrophy-guide,Muscle Hypertrophy: An Evidence-Based Training and Nutrition Guide,Science,,1798,nutrition_and_supplements,low,yes,no,no,no,yes,no,no,no,unknown,unknown,NOINDEX_OR_EXPERT_REVIEW,/blog,shared source-only cluster: nutrition_and_supplements (48 URLs),Health-sensitive topic requires source and review audit before acquisition use.
/blog/unilateral-training-single-limb-gains,unilateral-training-single-limb-gains,Unilateral Training: When Single-Limb Work Helps,,,929,exercise_selection,low,yes,no,no,no,yes,no,no,no,unknown,unknown,NOINDEX_OR_EXPERT_REVIEW,/blog,shared source-only cluster: exercise_selection (36 URLs),Health-sensitive topic requires source and review audit before acquisition use.
/blog/urolithin-a-mitophagy-muscle-health,urolithin-a-mitophagy-muscle-health,Urolithin A for Muscle Health: What Human Trials Show,Supplements,2026-02-25,508,general_training,low,yes,no,no,no,yes,no,no,no,unknown,unknown,NOINDEX_OR_EXPERT_REVIEW,/blog,shared source-only cluster: general_training (79 URLs),Health-sensitive topic requires source and review audit before acquisition use.
/blog/vagal-tone-training-recovery,vagal-tone-training-recovery,"Vagal Tone, HRV, and Training Recovery: Use the Signals Carefully",,,637,recovery_and_health,low,yes,no,no,no,yes,no,no,no,unknown,unknown,NOINDEX_OR_EXPERT_REVIEW,/blog,shared source-only cluster: recovery_and_health (52 URLs),Health-sensitive topic requires source and review audit before acquisition use.
/blog/velocity-based-training-science-2026,velocity-based-training-science-2026,Velocity-Based Training: What the Measurement Can Add,,,602,volume_and_programming,low,no,no,no,no,yes,no,no,no,unknown,unknown,REVIEW_AFTER_SEARCH_CONSOLE,/tools/weekly-volume-checker,shared source-only cluster: volume_and_programming (41 URLs),Source-only inventory; demand and links not yet checked.
/blog/vitamin-d-muscle-building-strength-science,vitamin-d-muscle-building-strength-science,Vitamin D and Muscle Building: What Trials Actually Show,Supplements,2026-02-27,847,nutrition_and_supplements,low,yes,no,no,no,yes,no,no,no,unknown,unknown,NOINDEX_OR_EXPERT_REVIEW,/blog,shared source-only cluster: nutrition_and_supplements (48 URLs),Health-sensitive topic requires source and review audit before acquisition use.
/blog/vitamin-d-supplementation-strength-athletes,vitamin-d-supplementation-strength-athletes,"Vitamin D for Strength Athletes: Test First, Supplement Carefully",Supplements,2026-03-02,748,nutrition_and_supplements,low,yes,no,no,no,yes,no,no,no,unknown,unknown,NOINDEX_OR_EXPERT_REVIEW,/blog,shared source-only cluster: nutrition_and_supplements (48 URLs),Health-sensitive topic requires source and review audit before acquisition use.
/blog/vitamin-k2-strength-athletes-bone-health,vitamin-k2-strength-athletes-bone-health,"Vitamin K2, Bone Health, and Strength Training",Supplements,2026-02-28,793,nutrition_and_supplements,low,yes,no,no,no,yes,no,no,no,unknown,unknown,NOINDEX_OR_EXPERT_REVIEW,/blog,shared source-only cluster: nutrition_and_supplements (48 URLs),Health-sensitive topic requires source and review audit before acquisition use.
/blog/wave-loading-hypertrophy-practical-guide,wave-loading-hypertrophy-practical-guide,Wave Loading for Hypertrophy: A Flexible Periodization Option,,,594,progression_and_effort,low,yes,no,no,no,yes,no,no,no,unknown,unknown,NOINDEX_OR_EXPERT_REVIEW,/progressive-overload,shared source-only cluster: progression_and_effort (45 URLs),Health-sensitive topic requires source and review audit before acquisition use.
/blog/what-women-want-muscular-men-science,what-women-want-muscular-men-science,Muscularity and Attraction: What Research Can—and Cannot—Tell Us,General,,817,general_training,low,yes,no,no,no,yes,no,no,no,unknown,unknown,NOINDEX_OR_EXPERT_REVIEW,/blog,shared source-only cluster: general_training (79 URLs),Health-sensitive topic requires source and review audit before acquisition use.
/blog/why-workout-apps-dont-work,why-workout-apps-dont-work,Why Most Workout Apps Don't Work: The Problem With Generic Programming,,2026-03-04,629,workout_apps_migration,medium,no,no,no,no,yes,no,no,no,unknown,unknown,KEEP_AND_IMPROVE,/hevy-alternative,shared source-only cluster: workout_apps_migration (18 URLs),Source-only inventory; demand and links not yet checked.
/blog/women-men-muscle-building-2025-research,women-men-muscle-building-2025-research,Women and Muscle Building: What the Research Actually Shows,,,689,general_training,low,yes,no,no,no,yes,no,no,no,unknown,unknown,NOINDEX_OR_EXPERT_REVIEW,/blog,shared source-only cluster: general_training (79 URLs),Health-sensitive topic requires source and review audit before acquisition use.
/blog/work-capacity-training-foundation-gains,work-capacity-training-foundation-gains,Work Capacity for Lifters: Build More Useful Training Tolerance,,,665,recovery_and_health,low,yes,no,no,no,yes,no,no,no,unknown,unknown,NOINDEX_OR_EXPERT_REVIEW,/blog,shared source-only cluster: recovery_and_health (52 URLs),Health-sensitive topic requires source and review audit before acquisition use.
/blog/workout-app-not-building-muscle,workout-app-not-building-muscle,Why Your Workout App May Not Be Helping You Progress,,2026-03-04,819,workout_apps_migration,medium,yes,no,no,no,yes,no,no,no,unknown,unknown,KEEP_AND_IMPROVE,/hevy-alternative,shared source-only cluster: workout_apps_migration (18 URLs),Health-sensitive topic requires source and review audit before acquisition use.
/blog/zinc-muscle-building-testosterone-science,zinc-muscle-building-testosterone-science,"Zinc, Training, and Testosterone: Food First, Claims Second",,,523,general_training,low,yes,no,no,no,yes,no,no,no,unknown,unknown,NOINDEX_OR_EXPERT_REVIEW,/blog,shared source-only cluster: general_training (79 URLs),Health-sensitive topic requires source and review audit before acquisition use.
/blog/zone-2-cardio-strength-athletes-gains,zone-2-cardio-strength-athletes-gains,"Zone 2 Cardio for Lifters: Benefits, Tradeoffs, and Setup",,,915,recovery_and_health,low,yes,no,no,no,yes,no,no,no,unknown,unknown,NOINDEX_OR_EXPERT_REVIEW,/blog,shared source-only cluster: recovery_and_health (52 URLs),Health-sensitive topic requires source and review audit before acquisition use.
/workout-tracker,workout-tracker,workout tracker,acquisition/tool,,,workout_apps_migration,high,no,not_applicable,not_applicable,not_applicable,not_applicable,review_required,review_required,review_required,unknown,unknown,KEEP_AND_MEASURE,/workout-tracker,shared source-only cluster: workout_apps_migration (18 URLs),"Core acquisition hypothesis; retain only after URL, demand, and product-evidence checks."
/gym-workout-planner,gym-workout-planner,gym workout planner,acquisition/tool,,,volume_and_programming,high,no,not_applicable,not_applicable,not_applicable,not_applicable,review_required,review_required,review_required,unknown,unknown,KEEP_AND_MEASURE,/gym-workout-planner,shared source-only cluster: volume_and_programming (41 URLs),"Core acquisition hypothesis; retain only after URL, demand, and product-evidence checks."
/progressive-overload,progressive-overload,progressive overload,acquisition/tool,,,progression_and_effort,high,no,not_applicable,not_applicable,not_applicable,not_applicable,review_required,review_required,review_required,unknown,unknown,KEEP_AND_MEASURE,/progressive-overload,shared source-only cluster: progression_and_effort (45 URLs),"Core acquisition hypothesis; retain only after URL, demand, and product-evidence checks."
/hevy-alternative,hevy-alternative,Hevy alternative,acquisition/tool,,,workout_apps_migration,high,no,not_applicable,not_applicable,not_applicable,not_applicable,review_required,review_required,review_required,unknown,unknown,KEEP_AND_MEASURE,/hevy-alternative,shared source-only cluster: workout_apps_migration (18 URLs),"Core acquisition hypothesis; retain only after URL, demand, and product-evidence checks."
/strong-alternative,strong-alternative,Strong alternative,acquisition/tool,,,workout_apps_migration,high,no,not_applicable,not_applicable,not_applicable,not_applicable,review_required,review_required,review_required,unknown,unknown,KEEP_AND_MEASURE,/strong-alternative,shared source-only cluster: workout_apps_migration (18 URLs),"Core acquisition hypothesis; retain only after URL, demand, and product-evidence checks."
/fitnotes-alternative,fitnotes-alternative,FitNotes alternative,acquisition/tool,,,workout_apps_migration,high,no,not_applicable,not_applicable,not_applicable,not_applicable,review_required,review_required,review_required,unknown,unknown,KEEP_AND_MEASURE,/fitnotes-alternative,shared source-only cluster: workout_apps_migration (18 URLs),"Core acquisition hypothesis; retain only after URL, demand, and product-evidence checks."
/tools/next-set-calculator,next-set-calculator,Next Set Calculator,acquisition/tool,,,progression_and_effort,high,no,not_applicable,not_applicable,not_applicable,not_applicable,review_required,review_required,review_required,unknown,unknown,KEEP_OR_REVIEW_WITH_SEARCH_CONSOLE,/tools/next-set-calculator,shared source-only cluster: progression_and_effort (45 URLs),"Core acquisition hypothesis; retain only after URL, demand, and product-evidence checks."
/tools/rir-calculator,rir-calculator,RIR Calculator,acquisition/tool,,,progression_and_effort,high,no,not_applicable,not_applicable,not_applicable,not_applicable,review_required,review_required,review_required,unknown,unknown,KEEP_OR_REVIEW_WITH_SEARCH_CONSOLE,/tools/rir-calculator,shared source-only cluster: progression_and_effort (45 URLs),"Core acquisition hypothesis; retain only after URL, demand, and product-evidence checks."
/tools/one-rep-max-calculator,one-rep-max-calculator,1RM Calculator,acquisition/tool,,,progression_and_effort,high,no,not_applicable,not_applicable,not_applicable,not_applicable,review_required,review_required,review_required,unknown,unknown,KEEP_OR_REVIEW_WITH_SEARCH_CONSOLE,/tools/one-rep-max-calculator,shared source-only cluster: progression_and_effort (45 URLs),"Core acquisition hypothesis; retain only after URL, demand, and product-evidence checks."
/tools/strength-level-calculator,strength-level-calculator,Strength Level Calculator,acquisition/tool,,,general_training,high,no,not_applicable,not_applicable,not_applicable,not_applicable,review_required,review_required,review_required,unknown,unknown,KEEP_OR_REVIEW_WITH_SEARCH_CONSOLE,/tools/strength-level-calculator,shared source-only cluster: general_training (79 URLs),"Core acquisition hypothesis; retain only after URL, demand, and product-evidence checks."
/tools/plate-calculator,plate-calculator,Plate Calculator,acquisition/tool,,,general_training,high,no,not_applicable,not_applicable,not_applicable,not_applicable,review_required,review_required,review_required,unknown,unknown,KEEP_OR_REVIEW_WITH_SEARCH_CONSOLE,/tools/plate-calculator,shared source-only cluster: general_training (79 URLs),"Core acquisition hypothesis; retain only after URL, demand, and product-evidence checks."
/tools/smart-warm-up-calculator,smart-warm-up-calculator,Smart Warm-Up Calculator,acquisition/tool,,,general_training,high,no,not_applicable,not_applicable,not_applicable,not_applicable,review_required,review_required,review_required,unknown,unknown,KEEP_OR_REVIEW_WITH_SEARCH_CONSOLE,/tools/smart-warm-up-calculator,shared source-only cluster: general_training (79 URLs),"Core acquisition hypothesis; retain only after URL, demand, and product-evidence checks."
/tools/weekly-volume-checker,weekly-volume-checker,Weekly Volume Checker,acquisition/tool,,,volume_and_programming,high,no,not_applicable,not_applicable,not_applicable,not_applicable,review_required,review_required,review_required,unknown,unknown,KEEP_OR_REVIEW_WITH_SEARCH_CONSOLE,/tools/weekly-volume-checker,shared source-only cluster: volume_and_programming (41 URLs),"Core acquisition hypothesis; retain only after URL, demand, and product-evidence checks."
/tools/deload-calculator,deload-calculator,Deload Calculator,acquisition/tool,,,recovery_and_health,high,no,not_applicable,not_applicable,not_applicable,not_applicable,review_required,review_required,review_required,unknown,unknown,KEEP_OR_REVIEW_WITH_SEARCH_CONSOLE,/tools/deload-calculator,shared source-only cluster: recovery_and_health (52 URLs),"Core acquisition hypothesis; retain only after URL, demand, and product-evidence checks."
/tools/workout-split-builder,workout-split-builder,Workout Split Builder,acquisition/tool,,,general_training,high,no,not_applicable,not_applicable,not_applicable,not_applicable,review_required,review_required,review_required,unknown,unknown,KEEP_OR_REVIEW_WITH_SEARCH_CONSOLE,/tools/workout-split-builder,shared source-only cluster: general_training (79 URLs),"Core acquisition hypothesis; retain only after URL, demand, and product-evidence checks."
/tools/exercise-swap-finder,exercise-swap-finder,Exercise Swap Finder,acquisition/tool,,,exercise_selection,high,no,not_applicable,not_applicable,not_applicable,not_applicable,review_required,review_required,review_required,unknown,unknown,KEEP_OR_REVIEW_WITH_SEARCH_CONSOLE,/tools/exercise-swap-finder,shared source-only cluster: exercise_selection (36 URLs),"Core acquisition hypothesis; retain only after URL, demand, and product-evidence checks."
/tools/hevy-import-checker,hevy-import-checker,Hevy Import Checker,acquisition/tool,,,workout_apps_migration,high,no,not_applicable,not_applicable,not_applicable,not_applicable,review_required,review_required,review_required,unknown,unknown,KEEP_OR_REVIEW_WITH_SEARCH_CONSOLE,/tools/hevy-import-checker,shared source-only cluster: workout_apps_migration (18 URLs),"Core acquisition hypothesis; retain only after URL, demand, and product-evidence checks."
/tools/strong-csv-import-checker,strong-csv-import-checker,Strong CSV Import Checker,acquisition/tool,,,workout_apps_migration,high,no,not_applicable,not_applicable,not_applicable,not_applicable,review_required,review_required,review_required,unknown,unknown,KEEP_OR_REVIEW_WITH_SEARCH_CONSOLE,/tools/strong-csv-import-checker,shared source-only cluster: workout_apps_migration (18 URLs),"Core acquisition hypothesis; retain only after URL, demand, and product-evidence checks."
/tools/fitnotes-csv-import-checker,fitnotes-csv-import-checker,FitNotes CSV Import Checker,acquisition/tool,,,workout_apps_migration,high,no,not_applicable,not_applicable,not_applicable,not_applicable,review_required,review_required,review_required,unknown,unknown,KEEP_OR_REVIEW_WITH_SEARCH_CONSOLE,/tools/fitnotes-csv-import-checker,shared source-only cluster: workout_apps_migration (18 URLs),"Core acquisition hypothesis; retain only after URL, demand, and product-evidence checks."
/tools/workout-csv-validator,workout-csv-validator,Workout CSV Validator,acquisition/tool,,,general_training,high,no,not_applicable,not_applicable,not_applicable,not_applicable,review_required,review_required,review_required,unknown,unknown,KEEP_OR_REVIEW_WITH_SEARCH_CONSOLE,/tools/workout-csv-validator,shared source-only cluster: general_training (79 URLs),"Core acquisition hypothesis; retain only after URL, demand, and product-evidence checks."
/tools/rest-time-calculator,rest-time-calculator,Rest Time Calculator,acquisition/tool,,,general_training,high,no,not_applicable,not_applicable,not_applicable,not_applicable,review_required,review_required,review_required,unknown,unknown,KEEP_OR_REVIEW_WITH_SEARCH_CONSOLE,/tools/rest-time-calculator,shared source-only cluster: general_training (79 URLs),"Core acquisition hypothesis; retain only after URL, demand, and product-evidence checks."
/tools/backoff-set-calculator,backoff-set-calculator,Backoff Set Calculator,acquisition/tool,,,general_training,high,no,not_applicable,not_applicable,not_applicable,not_applicable,review_required,review_required,review_required,unknown,unknown,KEEP_OR_REVIEW_WITH_SEARCH_CONSOLE,/tools/backoff-set-calculator,shared source-only cluster: general_training (79 URLs),"Core acquisition hypothesis; retain only after URL, demand, and product-evidence checks."
/tools/bench-press-next-set-calculator,bench-press-next-set-calculator,Bench Press Next Set Calculator,acquisition/tool,,,progression_and_effort,high,no,not_applicable,not_applicable,not_applicable,not_applicable,review_required,review_required,review_required,unknown,unknown,KEEP_OR_REVIEW_WITH_SEARCH_CONSOLE,/tools/bench-press-next-set-calculator,shared source-only cluster: progression_and_effort (45 URLs),"Core acquisition hypothesis; retain only after URL, demand, and product-evidence checks."
/tools/squat-next-set-calculator,squat-next-set-calculator,Squat Next Set Calculator,acquisition/tool,,,progression_and_effort,high,no,not_applicable,not_applicable,not_applicable,not_applicable,review_required,review_required,review_required,unknown,unknown,KEEP_OR_REVIEW_WITH_SEARCH_CONSOLE,/tools/squat-next-set-calculator,shared source-only cluster: progression_and_effort (45 URLs),"Core acquisition hypothesis; retain only after URL, demand, and product-evidence checks."
/tools/deadlift-next-set-calculator,deadlift-next-set-calculator,Deadlift Next Set Calculator,acquisition/tool,,,progression_and_effort,high,no,not_applicable,not_applicable,not_applicable,not_applicable,review_required,review_required,review_required,unknown,unknown,KEEP_OR_REVIEW_WITH_SEARCH_CONSOLE,/tools/deadlift-next-set-calculator,shared source-only cluster: progression_and_effort (45 URLs),"Core acquisition hypothesis; retain only after URL, demand, and product-evidence checks."
/tools/overhead-press-next-set-calculator,overhead-press-next-set-calculator,Overhead Press Next Set Calculator,acquisition/tool,,,progression_and_effort,high,no,not_applicable,not_applicable,not_applicable,not_applicable,review_required,review_required,review_required,unknown,unknown,KEEP_OR_REVIEW_WITH_SEARCH_CONSOLE,/tools/overhead-press-next-set-calculator,shared source-only cluster: progression_and_effort (45 URLs),"Core acquisition hypothesis; retain only after URL, demand, and product-evidence checks."
/tools/leg-press-next-set-calculator,leg-press-next-set-calculator,Leg Press Next Set Calculator,acquisition/tool,,,progression_and_effort,high,no,not_applicable,not_applicable,not_applicable,not_applicable,review_required,review_required,review_required,unknown,unknown,KEEP_OR_REVIEW_WITH_SEARCH_CONSOLE,/tools/leg-press-next-set-calculator,shared source-only cluster: progression_and_effort (45 URLs),"Core acquisition hypothesis; retain only after URL, demand, and product-evidence checks."
/tools/incline-dumbbell-press-next-set-calculator,incline-dumbbell-press-next-set-calculator,Incline Dumbbell Press Next Set Calculator,acquisition/tool,,,progression_and_effort,high,no,not_applicable,not_applicable,not_applicable,not_applicable,review_required,review_required,review_required,unknown,unknown,KEEP_OR_REVIEW_WITH_SEARCH_CONSOLE,/tools/incline-dumbbell-press-next-set-calculator,shared source-only cluster: progression_and_effort (45 URLs),"Core acquisition hypothesis; retain only after URL, demand, and product-evidence checks."
/tools/lat-pulldown-next-set-calculator,lat-pulldown-next-set-calculator,Lat Pulldown Next Set Calculator,acquisition/tool,,,progression_and_effort,high,no,not_applicable,not_applicable,not_applicable,not_applicable,review_required,review_required,review_required,unknown,unknown,KEEP_OR_REVIEW_WITH_SEARCH_CONSOLE,/tools/lat-pulldown-next-set-calculator,shared source-only cluster: progression_and_effort (45 URLs),"Core acquisition hypothesis; retain only after URL, demand, and product-evidence checks."
/tools/barbell-row-next-set-calculator,barbell-row-next-set-calculator,Barbell Row Next Set Calculator,acquisition/tool,,,progression_and_effort,high,no,not_applicable,not_applicable,not_applicable,not_applicable,review_required,review_required,review_required,unknown,unknown,KEEP_OR_REVIEW_WITH_SEARCH_CONSOLE,/tools/barbell-row-next-set-calculator,shared source-only cluster: progression_and_effort (45 URLs),"Core acquisition hypothesis; retain only after URL, demand, and product-evidence checks."
/tools/romanian-deadlift-next-set-calculator,romanian-deadlift-next-set-calculator,Romanian Deadlift Next Set Calculator,acquisition/tool,,,progression_and_effort,high,no,not_applicable,not_applicable,not_applicable,not_applicable,review_required,review_required,review_required,unknown,unknown,KEEP_OR_REVIEW_WITH_SEARCH_CONSOLE,/tools/romanian-deadlift-next-set-calculator,shared source-only cluster: progression_and_effort (45 URLs),"Core acquisition hypothesis; retain only after URL, demand, and product-evidence checks."
/tools/bench-press-warm-up-calculator,bench-press-warm-up-calculator,Bench Press Warm-Up Calculator,acquisition/tool,,,exercise_selection,high,no,not_applicable,not_applicable,not_applicable,not_applicable,review_required,review_required,review_required,unknown,unknown,KEEP_OR_REVIEW_WITH_SEARCH_CONSOLE,/tools/bench-press-warm-up-calculator,shared source-only cluster: exercise_selection (36 URLs),"Core acquisition hypothesis; retain only after URL, demand, and product-evidence checks."
/tools/squat-warm-up-calculator,squat-warm-up-calculator,Squat Warm-Up Calculator,acquisition/tool,,,exercise_selection,high,no,not_applicable,not_applicable,not_applicable,not_applicable,review_required,review_required,review_required,unknown,unknown,KEEP_OR_REVIEW_WITH_SEARCH_CONSOLE,/tools/squat-warm-up-calculator,shared source-only cluster: exercise_selection (36 URLs),"Core acquisition hypothesis; retain only after URL, demand, and product-evidence checks."
/tools/deadlift-warm-up-calculator,deadlift-warm-up-calculator,Deadlift Warm-Up Calculator,acquisition/tool,,,exercise_selection,high,no,not_applicable,not_applicable,not_applicable,not_applicable,review_required,review_required,review_required,unknown,unknown,KEEP_OR_REVIEW_WITH_SEARCH_CONSOLE,/tools/deadlift-warm-up-calculator,shared source-only cluster: exercise_selection (36 URLs),"Core acquisition hypothesis; retain only after URL, demand, and product-evidence checks."
/tools/overhead-press-warm-up-calculator,overhead-press-warm-up-calculator,Overhead Press Warm-Up Calculator,acquisition/tool,,,exercise_selection,high,no,not_applicable,not_applicable,not_applicable,not_applicable,review_required,review_required,review_required,unknown,unknown,KEEP_OR_REVIEW_WITH_SEARCH_CONSOLE,/tools/overhead-press-warm-up-calculator,shared source-only cluster: exercise_selection (36 URLs),"Core acquisition hypothesis; retain only after URL, demand, and product-evidence checks."
/tools/bench-press-1rm-calculator,bench-press-1rm-calculator,Bench Press 1RM Calculator,acquisition/tool,,,progression_and_effort,high,no,not_applicable,not_applicable,not_applicable,not_applicable,review_required,review_required,review_required,unknown,unknown,KEEP_OR_REVIEW_WITH_SEARCH_CONSOLE,/tools/bench-press-1rm-calculator,shared source-only cluster: progression_and_effort (45 URLs),"Core acquisition hypothesis; retain only after URL, demand, and product-evidence checks."
/tools/squat-1rm-calculator,squat-1rm-calculator,Squat 1RM Calculator,acquisition/tool,,,progression_and_effort,high,no,not_applicable,not_applicable,not_applicable,not_applicable,review_required,review_required,review_required,unknown,unknown,KEEP_OR_REVIEW_WITH_SEARCH_CONSOLE,/tools/squat-1rm-calculator,shared source-only cluster: progression_and_effort (45 URLs),"Core acquisition hypothesis; retain only after URL, demand, and product-evidence checks."
/tools/deadlift-1rm-calculator,deadlift-1rm-calculator,Deadlift 1RM Calculator,acquisition/tool,,,progression_and_effort,high,no,not_applicable,not_applicable,not_applicable,not_applicable,review_required,review_required,review_required,unknown,unknown,KEEP_OR_REVIEW_WITH_SEARCH_CONSOLE,/tools/deadlift-1rm-calculator,shared source-only cluster: progression_and_effort (45 URLs),"Core acquisition hypothesis; retain only after URL, demand, and product-evidence checks."
/tools/overhead-press-1rm-calculator,overhead-press-1rm-calculator,Overhead Press 1RM Calculator,acquisition/tool,,,progression_and_effort,high,no,not_applicable,not_applicable,not_applicable,not_applicable,review_required,review_required,review_required,unknown,unknown,KEEP_OR_REVIEW_WITH_SEARCH_CONSOLE,/tools/overhead-press-1rm-calculator,shared source-only cluster: progression_and_effort (45 URLs),"Core acquisition hypothesis; retain only after URL, demand, and product-evidence checks."
/tools/leg-press-1rm-calculator,leg-press-1rm-calculator,Leg Press 1RM Calculator,acquisition/tool,,,progression_and_effort,high,no,not_applicable,not_applicable,not_applicable,not_applicable,review_required,review_required,review_required,unknown,unknown,KEEP_OR_REVIEW_WITH_SEARCH_CONSOLE,/tools/leg-press-1rm-calculator,shared source-only cluster: progression_and_effort (45 URLs),"Core acquisition hypothesis; retain only after URL, demand, and product-evidence checks."
/tools/lat-pulldown-1rm-calculator,lat-pulldown-1rm-calculator,Lat Pulldown 1RM Calculator,acquisition/tool,,,progression_and_effort,high,no,not_applicable,not_applicable,not_applicable,not_applicable,review_required,review_required,review_required,unknown,unknown,KEEP_OR_REVIEW_WITH_SEARCH_CONSOLE,/tools/lat-pulldown-1rm-calculator,shared source-only cluster: progression_and_effort (45 URLs),"Core acquisition hypothesis; retain only after URL, demand, and product-evidence checks."
/tools/barbell-row-1rm-calculator,barbell-row-1rm-calculator,Barbell Row 1RM Calculator,acquisition/tool,,,progression_and_effort,high,no,not_applicable,not_applicable,not_applicable,not_applicable,review_required,review_required,review_required,unknown,unknown,KEEP_OR_REVIEW_WITH_SEARCH_CONSOLE,/tools/barbell-row-1rm-calculator,shared source-only cluster: progression_and_effort (45 URLs),"Core acquisition hypothesis; retain only after URL, demand, and product-evidence checks."
/tools/romanian-deadlift-1rm-calculator,romanian-deadlift-1rm-calculator,Romanian Deadlift 1RM Calculator,acquisition/tool,,,progression_and_effort,high,no,not_applicable,not_applicable,not_applicable,not_applicable,review_required,review_required,review_required,unknown,unknown,KEEP_OR_REVIEW_WITH_SEARCH_CONSOLE,/tools/romanian-deadlift-1rm-calculator,shared source-only cluster: progression_and_effort (45 URLs),"Core acquisition hypothesis; retain only after URL, demand, and product-evidence checks."
/tools/bench-press-strength-level-calculator,bench-press-strength-level-calculator,Bench Press Strength Level Calculator,acquisition/tool,,,exercise_selection,high,no,not_applicable,not_applicable,not_applicable,not_applicable,review_required,review_required,review_required,unknown,unknown,KEEP_OR_REVIEW_WITH_SEARCH_CONSOLE,/tools/bench-press-strength-level-calculator,shared source-only cluster: exercise_selection (36 URLs),"Core acquisition hypothesis; retain only after URL, demand, and product-evidence checks."
/tools/squat-strength-level-calculator,squat-strength-level-calculator,Squat Strength Level Calculator,acquisition/tool,,,exercise_selection,high,no,not_applicable,not_applicable,not_applicable,not_applicable,review_required,review_required,review_required,unknown,unknown,KEEP_OR_REVIEW_WITH_SEARCH_CONSOLE,/tools/squat-strength-level-calculator,shared source-only cluster: exercise_selection (36 URLs),"Core acquisition hypothesis; retain only after URL, demand, and product-evidence checks."
/tools/deadlift-strength-level-calculator,deadlift-strength-level-calculator,Deadlift Strength Level Calculator,acquisition/tool,,,exercise_selection,high,no,not_applicable,not_applicable,not_applicable,not_applicable,review_required,review_required,review_required,unknown,unknown,KEEP_OR_REVIEW_WITH_SEARCH_CONSOLE,/tools/deadlift-strength-level-calculator,shared source-only cluster: exercise_selection (36 URLs),"Core acquisition hypothesis; retain only after URL, demand, and product-evidence checks."
/tools/overhead-press-strength-level-calculator,overhead-press-strength-level-calculator,Overhead Press Strength Level Calculator,acquisition/tool,,,exercise_selection,high,no,not_applicable,not_applicable,not_applicable,not_applicable,review_required,review_required,review_required,unknown,unknown,KEEP_OR_REVIEW_WITH_SEARCH_CONSOLE,/tools/overhead-press-strength-level-calculator,shared source-only cluster: exercise_selection (36 URLs),"Core acquisition hypothesis; retain only after URL, demand, and product-evidence checks."
/tools/leg-press-strength-level-calculator,leg-press-strength-level-calculator,Leg Press Strength Level Calculator,acquisition/tool,,,exercise_selection,high,no,not_applicable,not_applicable,not_applicable,not_applicable,review_required,review_required,review_required,unknown,unknown,KEEP_OR_REVIEW_WITH_SEARCH_CONSOLE,/tools/leg-press-strength-level-calculator,shared source-only cluster: exercise_selection (36 URLs),"Core acquisition hypothesis; retain only after URL, demand, and product-evidence checks."
/tools/lat-pulldown-strength-level-calculator,lat-pulldown-strength-level-calculator,Lat Pulldown Strength Level Calculator,acquisition/tool,,,exercise_selection,high,no,not_applicable,not_applicable,not_applicable,not_applicable,review_required,review_required,review_required,unknown,unknown,KEEP_OR_REVIEW_WITH_SEARCH_CONSOLE,/tools/lat-pulldown-strength-level-calculator,shared source-only cluster: exercise_selection (36 URLs),"Core acquisition hypothesis; retain only after URL, demand, and product-evidence checks."
/tools/barbell-row-strength-level-calculator,barbell-row-strength-level-calculator,Barbell Row Strength Level Calculator,acquisition/tool,,,exercise_selection,high,no,not_applicable,not_applicable,not_applicable,not_applicable,review_required,review_required,review_required,unknown,unknown,KEEP_OR_REVIEW_WITH_SEARCH_CONSOLE,/tools/barbell-row-strength-level-calculator,shared source-only cluster: exercise_selection (36 URLs),"Core acquisition hypothesis; retain only after URL, demand, and product-evidence checks."
/tools/romanian-deadlift-strength-level-calculator,romanian-deadlift-strength-level-calculator,Romanian Deadlift Strength Level Calculator,acquisition/tool,,,exercise_selection,high,no,not_applicable,not_applicable,not_applicable,not_applicable,review_required,review_required,review_required,unknown,unknown,KEEP_OR_REVIEW_WITH_SEARCH_CONSOLE,/tools/romanian-deadlift-strength-level-calculator,shared source-only cluster: exercise_selection (36 URLs),"Core acquisition hypothesis; retain only after URL, demand, and product-evidence checks."
/tools/bench-press-alternatives,bench-press-alternatives,Bench Press Alternatives,acquisition/tool,,,exercise_selection,high,no,not_applicable,not_applicable,not_applicable,not_applicable,review_required,review_required,review_required,unknown,unknown,KEEP_OR_REVIEW_WITH_SEARCH_CONSOLE,/tools/bench-press-alternatives,shared source-only cluster: exercise_selection (36 URLs),"Core acquisition hypothesis; retain only after URL, demand, and product-evidence checks."
/tools/squat-alternatives,squat-alternatives,Squat Alternatives,acquisition/tool,,,exercise_selection,high,no,not_applicable,not_applicable,not_applicable,not_applicable,review_required,review_required,review_required,unknown,unknown,KEEP_OR_REVIEW_WITH_SEARCH_CONSOLE,/tools/squat-alternatives,shared source-only cluster: exercise_selection (36 URLs),"Core acquisition hypothesis; retain only after URL, demand, and product-evidence checks."
/tools/deadlift-alternatives,deadlift-alternatives,Deadlift Alternatives,acquisition/tool,,,exercise_selection,high,no,not_applicable,not_applicable,not_applicable,not_applicable,review_required,review_required,review_required,unknown,unknown,KEEP_OR_REVIEW_WITH_SEARCH_CONSOLE,/tools/deadlift-alternatives,shared source-only cluster: exercise_selection (36 URLs),"Core acquisition hypothesis; retain only after URL, demand, and product-evidence checks."
/tools/leg-press-alternatives,leg-press-alternatives,Leg Press Alternatives,acquisition/tool,,,exercise_selection,high,no,not_applicable,not_applicable,not_applicable,not_applicable,review_required,review_required,review_required,unknown,unknown,KEEP_OR_REVIEW_WITH_SEARCH_CONSOLE,/tools/leg-press-alternatives,shared source-only cluster: exercise_selection (36 URLs),"Core acquisition hypothesis; retain only after URL, demand, and product-evidence checks."
/tools/lat-pulldown-alternatives,lat-pulldown-alternatives,Lat Pulldown Alternatives,acquisition/tool,,,exercise_selection,high,no,not_applicable,not_applicable,not_applicable,not_applicable,review_required,review_required,review_required,unknown,unknown,KEEP_OR_REVIEW_WITH_SEARCH_CONSOLE,/tools/lat-pulldown-alternatives,shared source-only cluster: exercise_selection (36 URLs),"Core acquisition hypothesis; retain only after URL, demand, and product-evidence checks."
/tools/lateral-raise-alternatives,lateral-raise-alternatives,Lateral Raise Alternatives,acquisition/tool,,,exercise_selection,high,no,not_applicable,not_applicable,not_applicable,not_applicable,review_required,review_required,review_required,unknown,unknown,KEEP_OR_REVIEW_WITH_SEARCH_CONSOLE,/tools/lateral-raise-alternatives,shared source-only cluster: exercise_selection (36 URLs),"Core acquisition hypothesis; retain only after URL, demand, and product-evidence checks."
