url,source,http_status,redirect_destination,redirect_chain,canonical,robots_meta,x_robots_tag,sitemap_inclusion,title,meta_description,h1_count,h1_text,word_count,page_type,structured_data_types,structured_data_valid,inbound_internal_links,outbound_internal_links,image_count,missing_alt_count,indexability_verdict,content_action,query_parameters,audit_status,notes
https://jacked.coach/,sitemap|known,200,,,https://jacked.coach/,"index, follow",,yes,Surpass — Get Bigger On Purpose,"Build the body people notice with Surpass — a focused iPhone hypertrophy app for visible priorities, guided workouts, and evidence-led progression.",1,SURPASS Get bigger on purpose.,1330,home,SoftwareApplication|Organization|WebSite|FAQPage,yes,1240,38,7,0,indexable,Keep,,audited,
https://jacked.coach/methodology,sitemap|internal:https://jacked.coach/,200,,,https://jacked.coach/methodology,"index, follow",,yes,Training Calculator Methodology | How Surpass Makes Set Decisions | Surpass,"See how Surpass uses reps, RIR, rep ranges, recent performance, and weekly hard-set targets to produce transparent training guidance, with clear assumptions and privacy limits.",1,A clear method for the next useful decision.,653,site_page,SoftwareApplication|Organization|WebSite,yes,329,25,0,0,indexable,Improve,,audited,
https://jacked.coach/progressive-overload,sitemap|known|internal:https://jacked.coach/|internal:https://jacked.coach/methodology,200,,,https://jacked.coach/progressive-overload,"index, follow",,yes,Progressive Overload App for iPhone | Surpass,"Use double progression, rep ranges, recent set history, RIR context, and weekly muscle targets to guide your next workout with Surpass for iPhone.",1,Progress every lift without guessing.,570,acquisition_landing,SoftwareApplication|Organization|WebSite|WebPage|BreadcrumbList|FAQPage,yes,337,25,1,0,indexable,Keep,,audited,
https://jacked.coach/blog,sitemap|known|internal:https://jacked.coach/|internal:https://jacked.coach/methodology|internal:https://jacked.coach/progressive-overload,200,,,https://jacked.coach/blog,"index, follow",,yes,Training Library | Surpass,"Search the Surpass training library for hypertrophy, progressive overload, RIR, deloads, exercise selection, recovery, supplements, and workout app guidance.",1,Training library for smarter hypertrophy.,4067,blog_hub,SoftwareApplication|Organization|WebSite|CollectionPage,yes,1236,315,0,0,indexable,Keep,,audited,
https://jacked.coach/workout-tracker,sitemap|known|internal:https://jacked.coach/|internal:https://jacked.coach/methodology|internal:https://jacked.coach/progressive-overload|internal:https://jacked.coach/blog,200,,,https://jacked.coach/workout-tracker,"index, follow",,yes,Workout Tracker for iPhone That Guides Your Next Set | Surpass,"Log sets fast, see your previous result and next target, run rest timers, track weekly hard sets, and import compatible Hevy history with Surpass for iPhone.",1,Log the set. Know what comes next.,554,acquisition_landing,SoftwareApplication|Organization|WebSite|WebPage|BreadcrumbList|FAQPage,yes,336,25,1,0,indexable,Keep,,audited,
https://jacked.coach/tools,sitemap|known|internal:https://jacked.coach/|internal:https://jacked.coach/methodology|internal:https://jacked.coach/progressive-overload|internal:https://jacked.coach/blog|internal:https://jacked.coach/workout-tracker,200,,,https://jacked.coach/tools,"index, follow",,yes,Free Strength and Hypertrophy Training Tools | Surpass,"Free lifting calculators for strength levels, next-set targets, RIR, 1RM, plates, warm-ups, weekly volume, deloads, and workout splits.",1,Free Strength and Hypertrophy Tools,624,tools_hub,SoftwareApplication|Organization|WebSite,yes,654,90,0,0,indexable,Keep,,audited,
https://jacked.coach/gym-workout-planner,sitemap|known|internal:https://jacked.coach/,200,,,https://jacked.coach/gym-workout-planner,"index, follow",,yes,Gym Workout Planner for iPhone with Next-Set Targets | Surpass,"Plan your training split, set rep ranges and weekly muscle targets, log each workout, and use recent performance to guide the next set with Surpass for iPhone.",1,Plan the workout. Know the next set.,605,acquisition_landing,SoftwareApplication|Organization|WebSite|WebPage|BreadcrumbList|FAQPage,yes,5,26,1,0,indexable,Keep,,audited,
https://jacked.coach/hypertrophy-app,sitemap|internal:https://jacked.coach/|internal:https://jacked.coach/methodology|internal:https://jacked.coach/progressive-overload|internal:https://jacked.coach/blog|internal:https://jacked.coach/workout-tracker|internal:https://jacked.coach/tools|internal:https://jacked.coach/gym-workout-planner,200,,,https://jacked.coach/hypertrophy-app,"index, follow",,yes,Hypertrophy App for iPhone | Surpass | Surpass,"Plan hypertrophy training, track hard sets by muscle, keep RIR and recent performance in view, and make a clearer next-set decision with Surpass for iPhone.",1,Build muscle with a clearer next set.,678,site_page,SoftwareApplication|Organization|WebSite|WebPage|BreadcrumbList|FAQPage,yes,330,26,1,0,indexable,Improve,,audited,
https://jacked.coach/hevy-alternative,sitemap|known|internal:https://jacked.coach/|internal:https://jacked.coach/methodology|internal:https://jacked.coach/progressive-overload|internal:https://jacked.coach/blog|internal:https://jacked.coach/workout-tracker|internal:https://jacked.coach/tools|internal:https://jacked.coach/gym-workout-planner|internal:https://jacked.coach/hypertrophy-app,200,,,https://jacked.coach/hevy-alternative,"index, follow",,yes,Hevy Alternative for iPhone | Import Workout History | Surpass,"Import supported Hevy, Strong, or FitNotes workout history into Surpass, review the preview before saving, and continue training with next-lift and weekly muscle targets.",1,Bring your training history with you.,606,acquisition_landing,SoftwareApplication|Organization|WebSite|WebPage|BreadcrumbList|FAQPage,yes,330,28,1,0,indexable,Keep,,audited,
https://jacked.coach/strong-alternative,sitemap|known|internal:https://jacked.coach/|internal:https://jacked.coach/hevy-alternative,200,,,https://jacked.coach/strong-alternative,"index, follow",,yes,Strong Alternative for iPhone | Import Strong CSV | Surpass,"Export Strong workout data as CSV, review it in Surpass before saving, and continue on iPhone with workout history, lift progress, and next-set targets.",1,Leave Strong without leaving your history behind.,592,acquisition_landing,SoftwareApplication|Organization|WebSite|WebPage|BreadcrumbList|FAQPage,yes,4,27,1,0,indexable,Keep,,audited,
https://jacked.coach/fitnotes-alternative,sitemap|known|internal:https://jacked.coach/|internal:https://jacked.coach/hevy-alternative|internal:https://jacked.coach/strong-alternative,200,,,https://jacked.coach/fitnotes-alternative,"index, follow",,yes,FitNotes Alternative for iPhone | Import Workout CSV | Surpass,"Export FitNotes workout history as CSV, review it in Surpass before saving, and continue training on iPhone with your historical lifts and weekly muscle targets.",1,Bring the log. Get a clearer next target.,604,acquisition_landing,SoftwareApplication|Organization|WebSite|WebPage|BreadcrumbList|FAQPage,yes,4,28,1,0,indexable,Keep,,audited,
https://jacked.coach/press,sitemap,200,,,https://jacked.coach/press,"index, follow",,yes,Press and Creator Kit | Surpass,"Surpass product facts, iPhone app footage, images, and short vertical clips for editorial and creator coverage.",1,Build the body people notice.,318,site_page,SoftwareApplication|Organization|WebSite,yes,0,26,4,0,indexable,Improve,,audited,
https://jacked.coach/import-workout-history,sitemap|internal:https://jacked.coach/|internal:https://jacked.coach/methodology|internal:https://jacked.coach/progressive-overload|internal:https://jacked.coach/blog|internal:https://jacked.coach/workout-tracker|internal:https://jacked.coach/tools|internal:https://jacked.coach/gym-workout-planner|internal:https://jacked.coach/hypertrophy-app|internal:https://jacked.coach/hevy-alternative|internal:https://jacked.coach/strong-alternative|internal:https://jacked.coach/fitnotes-alternative|internal:https://jacked.coach/press,200,,,https://jacked.coach/import-workout-history,"index, follow",,yes,"Import Workout History to Surpass | Hevy, Strong & FitNotes | Surpass","Move supported Hevy, Strong, or FitNotes workout history to Surpass with a reviewable CSV import, exercise mapping, and no account connection.",1,Bring the log. Keep the next decision.,708,acquisition_landing,SoftwareApplication|Organization|WebSite|WebPage|BreadcrumbList|FAQPage,yes,330,29,1,0,indexable,Keep,,audited,
https://jacked.coach/support,sitemap|known|internal:https://jacked.coach/|internal:https://jacked.coach/methodology|internal:https://jacked.coach/progressive-overload|internal:https://jacked.coach/blog|internal:https://jacked.coach/workout-tracker|internal:https://jacked.coach/tools|internal:https://jacked.coach/gym-workout-planner|internal:https://jacked.coach/hypertrophy-app|internal:https://jacked.coach/hevy-alternative|internal:https://jacked.coach/strong-alternative|internal:https://jacked.coach/fitnotes-alternative|internal:https://jacked.coach/press|internal:https://jacked.coach/import-workout-history,200,,,https://jacked.coach/support,"index, follow",,yes,Support | Surpass,"Get help with Surpass for iPhone, including workout logging, weekly muscle targets, exercise swaps, imports, privacy, and data export.",1,Support,400,site_page,SoftwareApplication|Organization|WebSite|FAQPage,yes,981,26,0,0,indexable,Improve,,audited,
https://jacked.coach/about,sitemap|known|internal:https://jacked.coach/|internal:https://jacked.coach/methodology|internal:https://jacked.coach/progressive-overload|internal:https://jacked.coach/blog|internal:https://jacked.coach/workout-tracker|internal:https://jacked.coach/tools|internal:https://jacked.coach/gym-workout-planner|internal:https://jacked.coach/hypertrophy-app|internal:https://jacked.coach/hevy-alternative|internal:https://jacked.coach/strong-alternative|internal:https://jacked.coach/fitnotes-alternative|internal:https://jacked.coach/press|internal:https://jacked.coach/import-workout-history|internal:https://jacked.coach/support,200,,,https://jacked.coach/about,"index, follow",,yes,About | Surpass,"Surpass is an iPhone strength-training app built around visible priorities, focused sessions, fast set logging, and useful progress review.",1,Surpass is built for the actual workout.,217,site_page,SoftwareApplication|Organization|WebSite,yes,652,22,0,0,indexable,Improve,,audited,
https://jacked.coach/accessibility,sitemap|known|internal:https://jacked.coach/support,200,,,https://jacked.coach/accessibility,"index, follow",,yes,Accessibility | Surpass,"Accessibility information for Surpass on iPhone and iPad, including verified Dark Interface support and the current evaluation status of other features.",1,Accessibility,260,site_page,SoftwareApplication|Organization|WebSite|WebPage,yes,1,24,0,0,indexable,Improve,,audited,
https://jacked.coach/privacy,sitemap|known|internal:https://jacked.coach/|internal:https://jacked.coach/methodology|internal:https://jacked.coach/progressive-overload|internal:https://jacked.coach/blog|internal:https://jacked.coach/workout-tracker|internal:https://jacked.coach/tools|internal:https://jacked.coach/gym-workout-planner|internal:https://jacked.coach/hypertrophy-app|internal:https://jacked.coach/hevy-alternative|internal:https://jacked.coach/strong-alternative|internal:https://jacked.coach/fitnotes-alternative|internal:https://jacked.coach/press|internal:https://jacked.coach/import-workout-history|internal:https://jacked.coach/support|internal:https://jacked.coach/about|internal:https://jacked.coach/accessibility,200,,,https://jacked.coach/privacy,"index, follow",,yes,Privacy Policy | Surpass,"Privacy policy for Surpass, the iPhone hypertrophy workout logger and training coach.",1,Privacy Policy,389,site_page,SoftwareApplication|Organization|WebSite,yes,330,26,0,0,indexable,Improve,,audited,
https://jacked.coach/tools/rir-calculator,sitemap|internal:https://jacked.coach/tools,200,,,https://jacked.coach/tools/rir-calculator,"index, follow",,yes,RIR Calculator: Convert Reps in Reserve Into Target Weight | Surpass,"Use weight, reps, and RIR to estimate your e1RM and calculate target loads for different reps and effort levels.",1,RIR Calculator,605,tool,SoftwareApplication|Organization|WebSite,yes,260,25,0,0,indexable,Keep,,audited,
https://jacked.coach/terms,sitemap|known|internal:https://jacked.coach/|internal:https://jacked.coach/methodology|internal:https://jacked.coach/progressive-overload|internal:https://jacked.coach/blog|internal:https://jacked.coach/workout-tracker|internal:https://jacked.coach/tools|internal:https://jacked.coach/gym-workout-planner|internal:https://jacked.coach/hypertrophy-app|internal:https://jacked.coach/hevy-alternative|internal:https://jacked.coach/strong-alternative|internal:https://jacked.coach/fitnotes-alternative|internal:https://jacked.coach/press|internal:https://jacked.coach/import-workout-history|internal:https://jacked.coach/support|internal:https://jacked.coach/about|internal:https://jacked.coach/accessibility|internal:https://jacked.coach/privacy|internal:https://jacked.coach/tools/rir-calculator,200,,,https://jacked.coach/terms,"index, follow",,yes,Terms of Service | Surpass,"Terms of Service for Surpass, the iPhone hypertrophy workout logger and training coach.",1,Terms of Service,373,site_page,SoftwareApplication|Organization|WebSite,yes,329,26,0,0,indexable,Improve,,audited,
https://jacked.coach/tools/next-set-calculator,sitemap|internal:https://jacked.coach/|internal:https://jacked.coach/progressive-overload|internal:https://jacked.coach/workout-tracker|internal:https://jacked.coach/tools|internal:https://jacked.coach/tools/rir-calculator,200,,,https://jacked.coach/tools/next-set-calculator,"index, follow",,yes,Next Set Calculator: What Weight Should I Lift Next? | Surpass,"Calculate your next set target from your last weight, reps, and RIR. Get a clear weight, rep target, and reason for your next workout.",1,Next Set Calculator,686,tool,SoftwareApplication|Organization|WebSite,yes,283,26,0,0,indexable,Keep,,audited,
https://jacked.coach/tools/one-rep-max-calculator,sitemap|internal:https://jacked.coach/tools|internal:https://jacked.coach/tools/rir-calculator|internal:https://jacked.coach/tools/next-set-calculator,200,,,https://jacked.coach/tools/one-rep-max-calculator,"index, follow",,yes,1RM Calculator: Estimate Your One Rep Max From Reps and RIR | Surpass,"Estimate your one-rep max from weight, reps, and optional RIR. Includes percentage chart, rep maxes, and training targets.",1,1RM Calculator,575,tool,SoftwareApplication|Organization|WebSite,yes,27,25,0,0,indexable,Keep,,audited,
https://jacked.coach/tools/strength-level-calculator,sitemap|internal:https://jacked.coach/tools,200,,,https://jacked.coach/tools/strength-level-calculator,"index, follow",,yes,Strength Level Calculator: Compare Your Lift by Bodyweight | Surpass,"Estimate your strength level from exercise, sex, age, bodyweight, weight, reps, and RIR. See the next benchmark and what to train next.",1,Strength Level Calculator,660,tool,SoftwareApplication|Organization|WebSite,yes,10,26,0,0,indexable,Keep,,audited,
https://jacked.coach/tools/plate-calculator,sitemap|internal:https://jacked.coach/tools|internal:https://jacked.coach/tools/next-set-calculator|internal:https://jacked.coach/tools/one-rep-max-calculator|internal:https://jacked.coach/tools/strength-level-calculator,200,,,https://jacked.coach/tools/plate-calculator,"index, follow",,yes,Plate Calculator: Work Out What Plates to Load | Surpass,"Enter your target weight, bar weight, and available plates. Get exactly what to load on each side.",1,Plate Calculator,471,tool,SoftwareApplication|Organization|WebSite,yes,11,25,0,0,indexable,Keep,,audited,
https://jacked.coach/tools/smart-warm-up-calculator,sitemap|internal:https://jacked.coach/tools|internal:https://jacked.coach/tools/rir-calculator|internal:https://jacked.coach/tools/next-set-calculator|internal:https://jacked.coach/tools/plate-calculator,200,,,https://jacked.coach/tools/smart-warm-up-calculator,"index, follow",,yes,Smart Warm-Up Calculator for Lifting | Surpass,"Generate warm-up sets from your target weight, exercise type, and recent training. Built for strength and hypertrophy workouts.",1,Smart Warm-Up Calculator,541,tool,SoftwareApplication|Organization|WebSite,yes,131,25,0,0,indexable,Keep,,audited,
https://jacked.coach/tools/exercise-swap-finder,sitemap|internal:https://jacked.coach/tools,200,,,https://jacked.coach/tools/exercise-swap-finder,"index, follow",,yes,Exercise Swap Finder: Replace an Exercise Without Losing the Stimulus | Surpass,"Find smart exercise alternatives based on target muscle, equipment, fatigue, and training goal.",1,Exercise Swap Finder,588,tool,SoftwareApplication|Organization|WebSite,yes,17,25,0,0,indexable,Keep,,audited,
https://jacked.coach/tools/deload-calculator,sitemap|internal:https://jacked.coach/tools,200,,,https://jacked.coach/tools/deload-calculator,"index, follow",,yes,"Deload Calculator: Should You Train, Reduce Volume, or Deload? | Surpass","Answer a few training questions and get a practical recommendation: train normally, reduce volume, or deload.",1,Deload Calculator,550,tool,SoftwareApplication|Organization|WebSite,yes,77,25,0,0,indexable,Keep,,audited,
https://jacked.coach/tools/workout-split-builder,sitemap|internal:https://jacked.coach/tools|internal:https://jacked.coach/gym-workout-planner|internal:https://jacked.coach/tools/exercise-swap-finder,200,,,https://jacked.coach/tools/workout-split-builder,"index, follow",,yes,Workout Split Builder for Strength and Hypertrophy | Surpass,"Build a practical workout split from your training days, goal, equipment, and session length.",1,Workout Split Builder,865,tool,SoftwareApplication|Organization|WebSite,yes,72,25,0,0,indexable,Keep,,audited,
https://jacked.coach/tools/hevy-import-checker,sitemap|internal:https://jacked.coach/tools|internal:https://jacked.coach/import-workout-history,200,,,https://jacked.coach/tools/hevy-import-checker,"index, follow",,yes,Hevy Import Checker: Preview Your Workout History Before Importing | Surpass,"Preview your Hevy workout export locally in your browser and see how many workouts, sets, exercises, and measurements can be imported into Surpass.",1,Hevy Import Checker,504,tool,SoftwareApplication|Organization|WebSite,yes,14,25,0,0,indexable,Keep,,audited,
https://jacked.coach/tools/weekly-volume-checker,sitemap|internal:https://jacked.coach/|internal:https://jacked.coach/tools|internal:https://jacked.coach/gym-workout-planner|internal:https://jacked.coach/tools/exercise-swap-finder|internal:https://jacked.coach/tools/deload-calculator|internal:https://jacked.coach/tools/workout-split-builder|internal:https://jacked.coach/tools/hevy-import-checker,200,,,https://jacked.coach/tools/weekly-volume-checker,"index, follow",,yes,Weekly Training Volume Checker for Hypertrophy | Surpass,"Check your weekly hard sets by muscle group and see whether your training volume looks low, productive, or hard to recover from.",1,Weekly Training Volume Checker,610,tool,SoftwareApplication|Organization|WebSite,yes,236,25,0,0,indexable,Keep,,audited,
https://jacked.coach/tools/strong-csv-import-checker,sitemap|internal:https://jacked.coach/tools|internal:https://jacked.coach/strong-alternative|internal:https://jacked.coach/import-workout-history,200,,,https://jacked.coach/tools/strong-csv-import-checker,"index, follow",,yes,Strong CSV Import Checker: Preview Your Workout History Before Importing | Surpass,Check a Strong workout CSV locally in your browser before moving your training history into Surpass.,1,Strong CSV Import Checker,546,tool,SoftwareApplication|Organization|WebSite,yes,18,26,0,0,indexable,Keep,,audited,
https://jacked.coach/tools/fitnotes-csv-import-checker,sitemap|internal:https://jacked.coach/tools|internal:https://jacked.coach/fitnotes-alternative|internal:https://jacked.coach/import-workout-history,200,,,https://jacked.coach/tools/fitnotes-csv-import-checker,"index, follow",,yes,FitNotes CSV Import Checker: Check Your Workout Export | Surpass,"Check a FitNotes workout CSV locally in your browser for required dates, exercises, strength rows, cardio rows, and likely import blockers.",1,FitNotes CSV Import Checker,577,tool,SoftwareApplication|Organization|WebSite,yes,10,26,0,0,indexable,Keep,,audited,
https://jacked.coach/tools/backoff-set-calculator,sitemap|internal:https://jacked.coach/tools,200,,,https://jacked.coach/tools/backoff-set-calculator,"index, follow",,yes,Backoff Set Calculator: Plan Volume After a Top Set | Surpass,"Use your top set, RIR, goal, fatigue, and readiness to calculate backoff set weights and reps.",1,Backoff Set Calculator,546,tool,SoftwareApplication|Organization|WebSite,yes,5,26,0,0,indexable,Keep,,audited,
https://jacked.coach/tools/workout-csv-validator,sitemap|internal:https://jacked.coach/tools|internal:https://jacked.coach/tools/strong-csv-import-checker|internal:https://jacked.coach/tools/fitnotes-csv-import-checker,200,,,https://jacked.coach/tools/workout-csv-validator,"index, follow",,yes,Workout CSV Validator for Lifting Apps | Surpass,"Validate workout CSV headers, missing values, mixed units, and likely import blockers before switching lifting apps.",1,Workout CSV Validator,517,tool,SoftwareApplication|Organization|WebSite,yes,12,26,0,0,indexable,Keep,,audited,
https://jacked.coach/tools/rest-time-calculator,sitemap|internal:https://jacked.coach/tools|internal:https://jacked.coach/tools/backoff-set-calculator,200,,,https://jacked.coach/tools/rest-time-calculator,"index, follow",,yes,Rest Time Calculator: How Long to Rest Between Sets | Surpass,"Calculate a practical rest time from exercise type, goal, reps, RIR, set difficulty, and your next-set priority.",1,Rest Time Calculator,558,tool,SoftwareApplication|Organization|WebSite,yes,22,26,0,0,indexable,Keep,,audited,
https://jacked.coach/tools/bench-press-next-set-calculator,sitemap|internal:https://jacked.coach/tools,200,,,https://jacked.coach/tools/bench-press-next-set-calculator,"index, follow",,yes,Bench Press Next Set Calculator | Surpass,"Enter your last bench press set and get a practical next target based on reps, RIR, and your target rep range.",1,Bench Press Next Set Calculator,583,tool,SoftwareApplication|Organization|WebSite,yes,4,25,0,0,indexable,Keep,,audited,
https://jacked.coach/tools/squat-next-set-calculator,sitemap|internal:https://jacked.coach/tools,200,,,https://jacked.coach/tools/squat-next-set-calculator,"index, follow",,yes,Squat Next Set Calculator | Surpass,"Enter your last squat set and get a practical next target based on reps, RIR, and your target rep range.",1,Squat Next Set Calculator,571,tool,SoftwareApplication|Organization|WebSite,yes,4,25,0,0,indexable,Keep,,audited,
https://jacked.coach/tools/deadlift-next-set-calculator,sitemap|internal:https://jacked.coach/tools,200,,,https://jacked.coach/tools/deadlift-next-set-calculator,"index, follow",,yes,Deadlift Next Set Calculator | Surpass,"Enter your last deadlift set and get a practical next target based on reps, RIR, and your target rep range.",1,Deadlift Next Set Calculator,566,tool,SoftwareApplication|Organization|WebSite,yes,4,25,0,0,indexable,Keep,,audited,
https://jacked.coach/tools/overhead-press-next-set-calculator,sitemap|internal:https://jacked.coach/tools,200,,,https://jacked.coach/tools/overhead-press-next-set-calculator,"index, follow",,yes,Overhead Press Next Set Calculator | Surpass,"Enter your last overhead press set and get a practical next target based on reps, RIR, and your target rep range.",1,Overhead Press Next Set Calculator,580,tool,SoftwareApplication|Organization|WebSite,yes,4,25,0,0,indexable,Keep,,audited,
https://jacked.coach/tools/incline-dumbbell-press-next-set-calculator,sitemap|internal:https://jacked.coach/tools,200,,,https://jacked.coach/tools/incline-dumbbell-press-next-set-calculator,"index, follow",,yes,Incline Dumbbell Press Next Set Calculator | Surpass,"Enter your last incline dumbbell press set and get a practical next target based on reps, RIR, and your target rep range.",1,Incline Dumbbell Press Next Set Calculator,594,tool,SoftwareApplication|Organization|WebSite,yes,1,25,0,0,indexable,Keep,,audited,
https://jacked.coach/tools/leg-press-next-set-calculator,sitemap|internal:https://jacked.coach/tools,200,,,https://jacked.coach/tools/leg-press-next-set-calculator,"index, follow",,yes,Leg Press Next Set Calculator | Surpass,"Enter your last leg press set and get a practical next target based on reps, RIR, and your target rep range.",1,Leg Press Next Set Calculator,572,tool,SoftwareApplication|Organization|WebSite,yes,3,25,0,0,indexable,Keep,,audited,
https://jacked.coach/tools/barbell-row-next-set-calculator,sitemap|internal:https://jacked.coach/tools,200,,,https://jacked.coach/tools/barbell-row-next-set-calculator,"index, follow",,yes,Barbell Row Next Set Calculator | Surpass,"Enter your last barbell row set and get a practical next target based on reps, RIR, and your target rep range.",1,Barbell Row Next Set Calculator,584,tool,SoftwareApplication|Organization|WebSite,yes,3,25,0,0,indexable,Keep,,audited,
https://jacked.coach/tools/romanian-deadlift-next-set-calculator,sitemap|internal:https://jacked.coach/tools,200,,,https://jacked.coach/tools/romanian-deadlift-next-set-calculator,"index, follow",,yes,Romanian Deadlift Next Set Calculator | Surpass,"Enter your last romanian deadlift set and get a practical next target based on reps, RIR, and your target rep range.",1,Romanian Deadlift Next Set Calculator,576,tool,SoftwareApplication|Organization|WebSite,yes,3,25,0,0,indexable,Keep,,audited,
https://jacked.coach/tools/lat-pulldown-next-set-calculator,sitemap|internal:https://jacked.coach/tools,200,,,https://jacked.coach/tools/lat-pulldown-next-set-calculator,"index, follow",,yes,Lat Pulldown Next Set Calculator | Surpass,"Enter your last lat pulldown set and get a practical next target based on reps, RIR, and your target rep range.",1,Lat Pulldown Next Set Calculator,570,tool,SoftwareApplication|Organization|WebSite,yes,3,25,0,0,indexable,Keep,,audited,
https://jacked.coach/tools/bench-press-warm-up-calculator,sitemap|internal:https://jacked.coach/tools,200,,,https://jacked.coach/tools/bench-press-warm-up-calculator,"index, follow",,yes,Bench Press Warm-Up Calculator | Surpass,"Generate bench press warm-up sets from your target working weight, reps, and recent heavy exposure.",1,Bench Press Warm-Up Calculator,523,tool,SoftwareApplication|Organization|WebSite,yes,2,25,0,0,indexable,Keep,,audited,
https://jacked.coach/tools/deadlift-warm-up-calculator,sitemap|internal:https://jacked.coach/tools,200,,,https://jacked.coach/tools/deadlift-warm-up-calculator,"index, follow",,yes,Deadlift Warm-Up Calculator | Surpass,"Generate deadlift warm-up sets from your target working weight, reps, and recent heavy exposure.",1,Deadlift Warm-Up Calculator,510,tool,SoftwareApplication|Organization|WebSite,yes,2,25,0,0,indexable,Keep,,audited,
https://jacked.coach/tools/squat-warm-up-calculator,sitemap|internal:https://jacked.coach/tools,200,,,https://jacked.coach/tools/squat-warm-up-calculator,"index, follow",,yes,Squat Warm-Up Calculator | Surpass,"Generate squat warm-up sets from your target working weight, reps, and recent heavy exposure.",1,Squat Warm-Up Calculator,513,tool,SoftwareApplication|Organization|WebSite,yes,2,25,0,0,indexable,Keep,,audited,
https://jacked.coach/tools/bench-press-1rm-calculator,sitemap|internal:https://jacked.coach/tools,200,,,https://jacked.coach/tools/bench-press-1rm-calculator,"index, follow",,yes,Bench Press 1RM Calculator | Surpass,"Estimate your bench press one-rep max from weight, reps, and optional RIR, then get a useful training target.",1,Bench Press 1RM Calculator,525,tool,SoftwareApplication|Organization|WebSite,yes,2,25,0,0,indexable,Keep,,audited,
https://jacked.coach/tools/overhead-press-warm-up-calculator,sitemap|internal:https://jacked.coach/tools,200,,,https://jacked.coach/tools/overhead-press-warm-up-calculator,"index, follow",,yes,Overhead Press Warm-Up Calculator | Surpass,"Generate overhead press warm-up sets from your target working weight, reps, and recent heavy exposure.",1,Overhead Press Warm-Up Calculator,516,tool,SoftwareApplication|Organization|WebSite,yes,2,25,0,0,indexable,Keep,,audited,
https://jacked.coach/tools/squat-1rm-calculator,sitemap|internal:https://jacked.coach/tools,200,,,https://jacked.coach/tools/squat-1rm-calculator,"index, follow",,yes,Squat 1RM Calculator | Surpass,"Estimate your squat one-rep max from weight, reps, and optional RIR, then get a useful training target.",1,Squat 1RM Calculator,512,tool,SoftwareApplication|Organization|WebSite,yes,2,25,0,0,indexable,Keep,,audited,
https://jacked.coach/tools/deadlift-1rm-calculator,sitemap|internal:https://jacked.coach/tools,200,,,https://jacked.coach/tools/deadlift-1rm-calculator,"index, follow",,yes,Deadlift 1RM Calculator | Surpass,"Estimate your deadlift one-rep max from weight, reps, and optional RIR, then get a useful training target.",1,Deadlift 1RM Calculator,510,tool,SoftwareApplication|Organization|WebSite,yes,2,25,0,0,indexable,Keep,,audited,
https://jacked.coach/tools/overhead-press-1rm-calculator,sitemap|internal:https://jacked.coach/tools,200,,,https://jacked.coach/tools/overhead-press-1rm-calculator,"index, follow",,yes,Overhead Press 1RM Calculator | Surpass,"Estimate your overhead press one-rep max from weight, reps, and optional RIR, then get a useful training target.",1,Overhead Press 1RM Calculator,523,tool,SoftwareApplication|Organization|WebSite,yes,2,25,0,0,indexable,Keep,,audited,
https://jacked.coach/tools/lat-pulldown-1rm-calculator,sitemap|internal:https://jacked.coach/tools,200,,,https://jacked.coach/tools/lat-pulldown-1rm-calculator,"index, follow",,yes,Lat Pulldown 1RM Calculator | Surpass,"Estimate your lat pulldown one-rep max from weight, reps, and optional RIR, then get a useful training target.",1,Lat Pulldown 1RM Calculator,515,tool,SoftwareApplication|Organization|WebSite,yes,2,24,0,0,indexable,Keep,,audited,
https://jacked.coach/tools/leg-press-1rm-calculator,sitemap|internal:https://jacked.coach/tools,200,,,https://jacked.coach/tools/leg-press-1rm-calculator,"index, follow",,yes,Leg Press 1RM Calculator | Surpass,"Estimate your leg press one-rep max from weight, reps, and optional RIR, then get a useful training target.",1,Leg Press 1RM Calculator,507,tool,SoftwareApplication|Organization|WebSite,yes,2,24,0,0,indexable,Keep,,audited,
https://jacked.coach/tools/romanian-deadlift-1rm-calculator,sitemap|internal:https://jacked.coach/tools,200,,,https://jacked.coach/tools/romanian-deadlift-1rm-calculator,"index, follow",,yes,Romanian Deadlift 1RM Calculator | Surpass,"Estimate your romanian deadlift one-rep max from weight, reps, and optional RIR, then get a useful training target.",1,Romanian Deadlift 1RM Calculator,515,tool,SoftwareApplication|Organization|WebSite,yes,2,24,0,0,indexable,Keep,,audited,
https://jacked.coach/tools/barbell-row-1rm-calculator,sitemap|internal:https://jacked.coach/tools,200,,,https://jacked.coach/tools/barbell-row-1rm-calculator,"index, follow",,yes,Barbell Row 1RM Calculator | Surpass,"Estimate your barbell row one-rep max from weight, reps, and optional RIR, then get a useful training target.",1,Barbell Row 1RM Calculator,519,tool,SoftwareApplication|Organization|WebSite,yes,2,24,0,0,indexable,Keep,,audited,
https://jacked.coach/tools/bench-press-strength-level-calculator,sitemap|internal:https://jacked.coach/tools,200,,,https://jacked.coach/tools/bench-press-strength-level-calculator,"index, follow",,yes,Bench Press Strength Level Calculator: Compare by Bodyweight | Surpass,"Compare your bench press strength level by bodyweight from weight, reps, and RIR, then see the next benchmark to chase.",1,Bench Press Strength Level Calculator,623,tool,SoftwareApplication|Organization|WebSite,yes,1,25,0,0,indexable,Keep,,audited,
https://jacked.coach/tools/squat-strength-level-calculator,sitemap|internal:https://jacked.coach/tools,200,,,https://jacked.coach/tools/squat-strength-level-calculator,"index, follow",,yes,Squat Strength Level Calculator: Compare by Bodyweight | Surpass,"Compare your squat strength level by bodyweight from weight, reps, and RIR, then see the next benchmark to chase.",1,Squat Strength Level Calculator,606,tool,SoftwareApplication|Organization|WebSite,yes,1,25,0,0,indexable,Keep,,audited,
https://jacked.coach/tools/deadlift-strength-level-calculator,sitemap|internal:https://jacked.coach/tools,200,,,https://jacked.coach/tools/deadlift-strength-level-calculator,"index, follow",,yes,Deadlift Strength Level Calculator: Compare by Bodyweight | Surpass,"Compare your deadlift strength level by bodyweight from weight, reps, and RIR, then see the next benchmark to chase.",1,Deadlift Strength Level Calculator,608,tool,SoftwareApplication|Organization|WebSite,yes,1,25,0,0,indexable,Keep,,audited,
https://jacked.coach/tools/overhead-press-strength-level-calculator,sitemap|internal:https://jacked.coach/tools,200,,,https://jacked.coach/tools/overhead-press-strength-level-calculator,"index, follow",,yes,Overhead Press Strength Level Calculator: Compare by Bodyweight | Surpass,"Compare your overhead press strength level by bodyweight from weight, reps, and RIR, then see the next benchmark to chase.",1,Overhead Press Strength Level Calculator,622,tool,SoftwareApplication|Organization|WebSite,yes,1,25,0,0,indexable,Keep,,audited,
https://jacked.coach/tools/lat-pulldown-strength-level-calculator,sitemap|internal:https://jacked.coach/tools,200,,,https://jacked.coach/tools/lat-pulldown-strength-level-calculator,"index, follow",,yes,Lat Pulldown Strength Level Calculator: Compare by Bodyweight | Surpass,"Compare your lat pulldown strength level by bodyweight from weight, reps, and RIR, then see the next benchmark to chase.",1,Lat Pulldown Strength Level Calculator,618,tool,SoftwareApplication|Organization|WebSite,yes,1,25,0,0,indexable,Keep,,audited,
https://jacked.coach/tools/leg-press-strength-level-calculator,sitemap|internal:https://jacked.coach/tools,200,,,https://jacked.coach/tools/leg-press-strength-level-calculator,"index, follow",,yes,Leg Press Strength Level Calculator: Compare by Bodyweight | Surpass,"Compare your leg press strength level by bodyweight from weight, reps, and RIR, then see the next benchmark to chase.",1,Leg Press Strength Level Calculator,613,tool,SoftwareApplication|Organization|WebSite,yes,1,25,0,0,indexable,Keep,,audited,
https://jacked.coach/tools/barbell-row-strength-level-calculator,sitemap|internal:https://jacked.coach/tools,200,,,https://jacked.coach/tools/barbell-row-strength-level-calculator,"index, follow",,yes,Barbell Row Strength Level Calculator: Compare by Bodyweight | Surpass,"Compare your barbell row strength level by bodyweight from weight, reps, and RIR, then see the next benchmark to chase.",1,Barbell Row Strength Level Calculator,619,tool,SoftwareApplication|Organization|WebSite,yes,1,25,0,0,indexable,Keep,,audited,
https://jacked.coach/tools/romanian-deadlift-strength-level-calculator,sitemap|internal:https://jacked.coach/tools,200,,,https://jacked.coach/tools/romanian-deadlift-strength-level-calculator,"index, follow",,yes,Romanian Deadlift Strength Level Calculator: Compare by Bodyweight | Surpass,"Compare your romanian deadlift strength level by bodyweight from weight, reps, and RIR, then see the next benchmark to chase.",1,Romanian Deadlift Strength Level Calculator,614,tool,SoftwareApplication|Organization|WebSite,yes,1,25,0,0,indexable,Keep,,audited,
https://jacked.coach/tools/bench-press-alternatives,sitemap|internal:https://jacked.coach/tools,200,,,https://jacked.coach/tools/bench-press-alternatives,"index, follow",,yes,Bench Press Alternatives: Smart Exercise Swaps | Surpass,"Find bench press alternatives based on equipment, joint comfort, fatigue, and training goal.",1,Bench Press Alternatives,587,tool,SoftwareApplication|Organization|WebSite,yes,1,25,0,0,indexable,Keep,,audited,
https://jacked.coach/tools/squat-alternatives,sitemap|internal:https://jacked.coach/tools,200,,,https://jacked.coach/tools/squat-alternatives,"index, follow",,yes,Squat Alternatives: Smart Exercise Swaps | Surpass,"Find squat alternatives based on equipment, joint comfort, fatigue, and training goal.",1,Squat Alternatives,566,tool,SoftwareApplication|Organization|WebSite,yes,1,25,0,0,indexable,Keep,,audited,
https://jacked.coach/tools/deadlift-alternatives,sitemap|internal:https://jacked.coach/tools,200,,,https://jacked.coach/tools/deadlift-alternatives,"index, follow",,yes,Deadlift Alternatives: Smart Exercise Swaps | Surpass,"Find deadlift alternatives based on equipment, joint comfort, fatigue, and training goal.",1,Deadlift Alternatives,562,tool,SoftwareApplication|Organization|WebSite,yes,1,25,0,0,indexable,Keep,,audited,
https://jacked.coach/tools/leg-press-alternatives,sitemap|internal:https://jacked.coach/tools,200,,,https://jacked.coach/tools/leg-press-alternatives,"index, follow",,yes,Leg Press Alternatives: Smart Exercise Swaps | Surpass,"Find leg press alternatives based on equipment, joint comfort, fatigue, and training goal.",1,Leg Press Alternatives,571,tool,SoftwareApplication|Organization|WebSite,yes,1,25,0,0,indexable,Keep,,audited,
https://jacked.coach/tools/lateral-raise-alternatives,sitemap|internal:https://jacked.coach/tools,200,,,https://jacked.coach/tools/lateral-raise-alternatives,"index, follow",,yes,Lateral Raise Alternatives: Smart Exercise Swaps | Surpass,"Find lateral raise alternatives based on equipment, joint comfort, fatigue, and training goal.",1,Lateral Raise Alternatives,583,tool,SoftwareApplication|Organization|WebSite,yes,1,25,0,0,indexable,Keep,,audited,
https://jacked.coach/tools/lat-pulldown-alternatives,sitemap|internal:https://jacked.coach/tools,200,,,https://jacked.coach/tools/lat-pulldown-alternatives,"index, follow",,yes,Lat Pulldown Alternatives: Smart Exercise Swaps | Surpass,"Find lat pulldown alternatives based on equipment, joint comfort, fatigue, and training goal.",1,Lat Pulldown Alternatives,566,tool,SoftwareApplication|Organization|WebSite,yes,1,25,0,0,indexable,Keep,,audited,
https://jacked.coach/blog/alternatives-to-rp-hypertrophy-app,sitemap|internal:https://jacked.coach/|internal:https://jacked.coach/methodology|internal:https://jacked.coach/progressive-overload|internal:https://jacked.coach/blog|internal:https://jacked.coach/workout-tracker|internal:https://jacked.coach/tools|internal:https://jacked.coach/gym-workout-planner|internal:https://jacked.coach/hypertrophy-app|internal:https://jacked.coach/hevy-alternative|internal:https://jacked.coach/strong-alternative|internal:https://jacked.coach/fitnotes-alternative|internal:https://jacked.coach/press|internal:https://jacked.coach/import-workout-history|internal:https://jacked.coach/support|internal:https://jacked.coach/about|internal:https://jacked.coach/accessibility|internal:https://jacked.coach/privacy|internal:https://jacked.coach/tools/rir-calculator|internal:https://jacked.coach/terms|internal:https://jacked.coach/tools/next-set-calculator|internal:https://jacked.coach/tools/one-rep-max-calculator|internal:https://jacked.coach/tools/strength-level-calculator|internal:https://jacked.coach/tools/plate-calculator|internal:https://jacked.coach/tools/smart-warm-up-calculator|internal:https://jacked.coach/tools/exercise-swap-finder|internal:https://jacked.coach/tools/deload-calculator|internal:https://jacked.coach/tools/workout-split-builder|internal:https://jacked.coach/tools/hevy-import-checker|internal:https://jacked.coach/tools/weekly-volume-checker|internal:https://jacked.coach/tools/strong-csv-import-checker|internal:https://jacked.coach/tools/fitnotes-csv-import-checker|internal:https://jacked.coach/tools/backoff-set-calculator|internal:https://jacked.coach/tools/workout-csv-validator|internal:https://jacked.coach/tools/rest-time-calculator|internal:https://jacked.coach/tools/bench-press-next-set-calculator|internal:https://jacked.coach/tools/squat-next-set-calculator|internal:https://jacked.coach/tools/deadlift-next-set-calculator|internal:https://jacked.coach/tools/overhead-press-next-set-calculator|internal:https://jacked.coach/tools/incline-dumbbell-press-next-set-calculator|internal:https://jacked.coach/tools/leg-press-next-set-calculator|internal:https://jacked.coach/tools/barbell-row-next-set-calculator|internal:https://jacked.coach/tools/romanian-deadlift-next-set-calculator|internal:https://jacked.coach/tools/lat-pulldown-next-set-calculator|internal:https://jacked.coach/tools/bench-press-warm-up-calculator|internal:https://jacked.coach/tools/deadlift-warm-up-calculator|internal:https://jacked.coach/tools/squat-warm-up-calculator|internal:https://jacked.coach/tools/bench-press-1rm-calculator|internal:https://jacked.coach/tools/overhead-press-warm-up-calculator|internal:https://jacked.coach/tools/squat-1rm-calculator|internal:https://jacked.coach/tools/deadlift-1rm-calculator|internal:https://jacked.coach/tools/overhead-press-1rm-calculator|internal:https://jacked.coach/tools/lat-pulldown-1rm-calculator|internal:https://jacked.coach/tools/leg-press-1rm-calculator|internal:https://jacked.coach/tools/romanian-deadlift-1rm-calculator|internal:https://jacked.coach/tools/barbell-row-1rm-calculator|internal:https://jacked.coach/tools/bench-press-strength-level-calculator|internal:https://jacked.coach/tools/squat-strength-level-calculator|internal:https://jacked.coach/tools/deadlift-strength-level-calculator|internal:https://jacked.coach/tools/overhead-press-strength-level-calculator|internal:https://jacked.coach/tools/lat-pulldown-strength-level-calculator|internal:https://jacked.coach/tools/leg-press-strength-level-calculator|internal:https://jacked.coach/tools/barbell-row-strength-level-calculator|internal:https://jacked.coach/tools/romanian-deadlift-strength-level-calculator|internal:https://jacked.coach/tools/bench-press-alternatives|internal:https://jacked.coach/tools/squat-alternatives|internal:https://jacked.coach/tools/deadlift-alternatives|internal:https://jacked.coach/tools/leg-press-alternatives|internal:https://jacked.coach/tools/lateral-raise-alternatives|internal:https://jacked.coach/tools/lat-pulldown-alternatives,200,,,https://jacked.coach/blog/alternatives-to-rp-hypertrophy-app,"index, follow",,yes,Alternatives to RP Hypertrophy App (2026) | Surpass,"The best alternatives to RP Hypertrophy App depend on why you are switching: price, flexibility, faster logging, Hevy import, RIR tracking, or simpler…",1,Alternatives to RP Hypertrophy App (2026): Best Options for Serious Lifters,4447,article,SoftwareApplication|Organization|WebSite,yes,351,37,0,0,indexable,Improve,,audited,
https://jacked.coach/blog/strong-to-surpass-import-guide,sitemap|internal:https://jacked.coach/blog,200,,,https://jacked.coach/blog/strong-to-surpass-import-guide,"index, follow",,yes,Strong to Surpass Import Guide: Check Your CSV Before Switching Apps | Surpass,"Move Strong workout history into Surpass without losing the context that drives progression: dates, exercises, sets, reps, weights, notes, and effort.",1,Strong to Surpass Import Guide: Check Your CSV Before Switching Apps,1026,article,SoftwareApplication|Organization|WebSite,yes,9,37,0,0,indexable,Improve,,audited,
https://jacked.coach/blog/best-workout-app-hypertrophy-2026,sitemap|internal:https://jacked.coach/blog|internal:https://jacked.coach/blog/alternatives-to-rp-hypertrophy-app,200,,,https://jacked.coach/blog/best-workout-app-hypertrophy-2026,"index, follow",,yes,Best Workout App for Hypertrophy: Features That Actually Matter | Surpass,"The best workout app for hypertrophy should make live logging, progressive overload, weekly muscle volume, effort tracking, and progress review easier.",1,Best Workout App for Hypertrophy: Features That Actually Matter,1165,article,SoftwareApplication|Organization|WebSite,yes,13,40,0,0,indexable,Improve,,audited,
https://jacked.coach/blog/import-hevy-to-surpass,sitemap|internal:https://jacked.coach/|internal:https://jacked.coach/blog|internal:https://jacked.coach/workout-tracker|internal:https://jacked.coach/hevy-alternative|internal:https://jacked.coach/blog/alternatives-to-rp-hypertrophy-app|internal:https://jacked.coach/blog/strong-to-surpass-import-guide|internal:https://jacked.coach/blog/best-workout-app-hypertrophy-2026,200,,,https://jacked.coach/blog/import-hevy-to-surpass,"index, follow",,yes,Import Hevy to Surpass: Move Your Workout History Without Starting | Surpass,"A practical Hevy to Surpass migration checklist: export your CSV, check workouts, preserve exercise history, and verify your first session before training.",1,Import Hevy to Surpass: Move Your Workout History Without Starting Over,1053,article,SoftwareApplication|Organization|WebSite,yes,16,37,0,0,indexable,Improve,,audited,
https://jacked.coach/blog/hypertrophy-app-vs-generic-tracker,sitemap|internal:https://jacked.coach/|internal:https://jacked.coach/blog|internal:https://jacked.coach/blog/alternatives-to-rp-hypertrophy-app|internal:https://jacked.coach/blog/best-workout-app-hypertrophy-2026,200,,,https://jacked.coach/blog/hypertrophy-app-vs-generic-tracker,"index, follow",,yes,Hypertrophy App vs Generic Workout Tracker: What Actually Matters | Surpass,"Generic workout trackers store what happened. A hypertrophy app should help decide what to do next, while keeping volume, effort, and progress visible.",1,Hypertrophy App vs Generic Workout Tracker: What Actually Matters,1197,article,SoftwareApplication|Organization|WebSite,yes,10,39,0,0,indexable,Improve,,audited,
https://jacked.coach/blog/best-hypertrophy-app-ios-review,sitemap|internal:https://jacked.coach/|internal:https://jacked.coach/blog|internal:https://jacked.coach/hypertrophy-app|internal:https://jacked.coach/blog/alternatives-to-rp-hypertrophy-app|internal:https://jacked.coach/blog/strong-to-surpass-import-guide|internal:https://jacked.coach/blog/best-workout-app-hypertrophy-2026|internal:https://jacked.coach/blog/import-hevy-to-surpass|internal:https://jacked.coach/blog/hypertrophy-app-vs-generic-tracker,200,,,https://jacked.coach/blog/best-hypertrophy-app-ios-review,"index, follow",,yes,Best Hypertrophy App for iOS: What Serious Lifters Should Look For | Surpass,"The best hypertrophy app for iPhone is not just a workout log. It should make progression, volume, effort, history, and body-composition evidence easier…",1,Best Hypertrophy App for iOS: What Serious Lifters Should Look For,1507,article,SoftwareApplication|Organization|WebSite,yes,14,40,0,0,indexable,Improve,,audited,
https://jacked.coach/blog/hevy-import-guide,sitemap|internal:https://jacked.coach/blog|internal:https://jacked.coach/blog/alternatives-to-rp-hypertrophy-app|internal:https://jacked.coach/blog/strong-to-surpass-import-guide|internal:https://jacked.coach/blog/best-workout-app-hypertrophy-2026|internal:https://jacked.coach/blog/import-hevy-to-surpass|internal:https://jacked.coach/blog/hypertrophy-app-vs-generic-tracker|internal:https://jacked.coach/blog/best-hypertrophy-app-ios-review,200,,,https://jacked.coach/blog/hevy-import-guide,"index, follow",,yes,Hevy Import Guide: How to Move Workout History Into a Better | Surpass,"Switching workout apps should not mean losing years of training context. Here is what matters when importing Hevy workouts, routines, measurements,…",1,Hevy Import Guide: How to Move Workout History Into a Better Hypertrophy Tracker,1117,article,SoftwareApplication|Organization|WebSite,yes,10,35,0,0,indexable,Improve,,audited,
https://jacked.coach/blog/progressive-overload-app-works,sitemap|internal:https://jacked.coach/|internal:https://jacked.coach/progressive-overload|internal:https://jacked.coach/blog|internal:https://jacked.coach/blog/alternatives-to-rp-hypertrophy-app|internal:https://jacked.coach/blog/strong-to-surpass-import-guide|internal:https://jacked.coach/blog/hypertrophy-app-vs-generic-tracker|internal:https://jacked.coach/blog/best-hypertrophy-app-ios-review,200,,,https://jacked.coach/blog/progressive-overload-app-works,"index, follow",,yes,Progressive Overload App: Why Most Apps Fail and What Works | Surpass,"A real progressive overload app does more than record sets. It helps choose the next load, reps, or volume change from your actual performance.",1,Progressive Overload App: Why Most Apps Fail and What Works,1377,article,SoftwareApplication|Organization|WebSite,yes,11,39,0,0,indexable,Improve,,audited,
https://jacked.coach/blog/auto-progression-feature-muscle-growth,sitemap|internal:https://jacked.coach/blog,200,,,https://jacked.coach/blog/auto-progression-feature-muscle-growth,"index, follow",,yes,Auto-Progression: Turn Workout History Into a Next-Set Plan | Surpass,"Auto-progression turns recent workout performance into a practical next-set plan, helping you train with less guesswork and a clearer progression path.",1,Auto-Progression: Turn Workout History Into a Next-Set Plan,1008,article,SoftwareApplication|Organization|WebSite,yes,6,35,0,0,indexable,Improve,,audited,
https://jacked.coach/blog/coq10-strength-athletes-mitochondria,sitemap|internal:https://jacked.coach/blog,200,,,https://jacked.coach/blog/coq10-strength-athletes-mitochondria,"index, follow",,yes,CoQ10 for Strength Athletes: What the Evidence Shows | Surpass,"CoQ10 has a role in mitochondrial biology, but current trials show limited and inconsistent exercise-performance effects, especially for strength.",1,CoQ10 for Strength Athletes: What the Evidence Shows,833,article,SoftwareApplication|Organization|WebSite,yes,8,36,0,0,indexable,Improve,,audited,
https://jacked.coach/blog/alpha-lipoic-acid-lifters-insulin,sitemap|internal:https://jacked.coach/blog|internal:https://jacked.coach/blog/coq10-strength-athletes-mitochondria,200,,,https://jacked.coach/blog/alpha-lipoic-acid-lifters-insulin,"index, follow",,yes,Alpha-Lipoic Acid for Lifters: What the Evidence Shows | Surpass,"Alpha-lipoic acid can affect glucose-related outcomes, but evidence for better strength, muscle growth, or recovery in healthy lifters is limited.",1,Alpha-Lipoic Acid for Lifters: What the Evidence Shows,1271,article,SoftwareApplication|Organization|WebSite,yes,14,36,0,0,indexable,Improve,,audited,
https://jacked.coach/blog/nac-supplementation-exercise-performance,sitemap|internal:https://jacked.coach/blog|internal:https://jacked.coach/blog/coq10-strength-athletes-mitochondria,200,,,https://jacked.coach/blog/nac-supplementation-exercise-performance,"index, follow",,yes,NAC for Exercise Performance: What the Evidence Shows | Surpass,"N-acetylcysteine can affect glutathione and oxidative-stress biology, but evidence for better lifting performance is inconsistent and routine use is not…",1,NAC for Exercise Performance: What the Evidence Shows,861,article,SoftwareApplication|Organization|WebSite,yes,4,36,0,0,indexable,Improve,,audited,
https://jacked.coach/blog/plateaus-break-through-muscle,sitemap|internal:https://jacked.coach/blog,200,,,https://jacked.coach/blog/plateaus-break-through-muscle,"index, follow",,yes,Plateaus: Why You Stopped Growing (And How to Break Through) | Surpass,"Why progress stalls, how to separate fatigue from a programming problem, and a practical sequence for making the next training block useful.",1,Plateaus: Why You Stopped Growing (And How to Break Through),951,article,SoftwareApplication|Organization|WebSite,yes,3,34,0,0,indexable,Improve,,audited,
https://jacked.coach/blog/progressive-overload-muscle-building,sitemap|internal:https://jacked.coach/blog,200,,,https://jacked.coach/blog/progressive-overload-muscle-building,"index, follow",,yes,Progressive Overload: How to Progress Without Guessing | Surpass,Every muscle building program relies on progressive overload. Here&#x27;s how to apply it correctly — and why most people get it wrong.,1,Progressive Overload: How to Progress Without Guessing,966,article,SoftwareApplication|Organization|WebSite,yes,3,34,0,0,indexable,Improve,,audited,
https://jacked.coach/blog/why-workout-apps-dont-work,sitemap|internal:https://jacked.coach/blog,200,,,https://jacked.coach/blog/why-workout-apps-dont-work,"index, follow",,yes,Why Most Workout Apps Don&#x27;t Work: The Problem With Generic Programming | Surpass,"Why a workout app can become a passive log, which progression and review features matter, and how to compare an app with a simple spreadsheet.",1,Why Most Workout Apps Don&#x27;t Work: The Problem With Generic Programming,982,article,SoftwareApplication|Organization|WebSite,yes,2,35,0,0,indexable,Improve,,audited,
https://jacked.coach/blog/workout-app-not-building-muscle,sitemap|internal:https://jacked.coach/blog|internal:https://jacked.coach/blog/auto-progression-feature-muscle-growth|internal:https://jacked.coach/blog/plateaus-break-through-muscle|internal:https://jacked.coach/blog/progressive-overload-muscle-building|internal:https://jacked.coach/blog/why-workout-apps-dont-work,200,,,https://jacked.coach/blog/workout-app-not-building-muscle,"index, follow",,yes,Why Your Workout App May Not Be Helping You Progress | Surpass,"A workout log can store sets and reps without helping you make the next decision. Here is how to evaluate progression, fatigue, and volume features in a…",1,Why Your Workout App May Not Be Helping You Progress,1200,article,SoftwareApplication|Organization|WebSite,yes,6,34,0,0,indexable,Improve,,audited,
https://jacked.coach/blog/epicatechin-cocoa-flavanol-muscle-growth,sitemap|internal:https://jacked.coach/blog,200,,,https://jacked.coach/blog/epicatechin-cocoa-flavanol-muscle-growth,"index, follow",,yes,Epicatechin: The Cocoa Flavanol for Muscle Growth | Surpass,"Found in cocoa and dark chocolate, epicatechin shows promise for inhibiting myostatin and supporting muscle growth. Here&#x27;s what the science says.",1,Epicatechin: The Cocoa Flavanol for Muscle Growth,1624,article,SoftwareApplication|Organization|WebSite,yes,3,34,0,0,indexable,Improve,,audited,
https://jacked.coach/blog/citrulline-supplementation-strength-training,sitemap|internal:https://jacked.coach/blog,200,,,https://jacked.coach/blog/citrulline-supplementation-strength-training,"index, follow",,yes,Citrulline for Strength Training: What the Pump Evidence Shows | Surpass,"Citrulline may help selected high-volume exercise outcomes, but pumps and acute rep changes are not proof of larger muscles or stronger 1RMs.",1,Citrulline for Strength Training: What the Pump Evidence Shows,870,article,SoftwareApplication|Organization|WebSite,yes,10,36,0,0,indexable,Improve,,audited,
https://jacked.coach/blog/magnesium-supplementation-strength-athletes,sitemap|internal:https://jacked.coach/blog,200,,,https://jacked.coach/blog/magnesium-supplementation-strength-athletes,"index, follow",,yes,Magnesium for Strength Athletes: What the Evidence Shows | Surpass,"Magnesium is essential for normal physiology, but supplementation rarely improves muscle fitness when intake and status are already adequate.",1,Magnesium for Strength Athletes: What the Evidence Shows,900,article,SoftwareApplication|Organization|WebSite,yes,5,36,0,0,indexable,Improve,,audited,
https://jacked.coach/blog/beta-ecdysterone-muscle-anabolic-research,sitemap|internal:https://jacked.coach/blog,200,,,https://jacked.coach/blog/beta-ecdysterone-muscle-anabolic-research,"index, follow",,yes,Beta-Ecdysterone for Muscle Growth: Research Review | Surpass,Beta-ecdysterone has one notable resistance-training trial and a larger preclinical literature. Here is what that evidence can—and cannot—show.,1,Beta-Ecdysterone for Muscle Growth: Research Review,1048,article,SoftwareApplication|Organization|WebSite,yes,8,36,0,0,indexable,Improve,,audited,
https://jacked.coach/blog/hmb-supplementation-strength-athletes,sitemap|internal:https://jacked.coach/blog|internal:https://jacked.coach/blog/citrulline-supplementation-strength-training|internal:https://jacked.coach/blog/magnesium-supplementation-strength-athletes,200,,,https://jacked.coach/blog/hmb-supplementation-strength-athletes,"index, follow",,yes,HMB for Strength Athletes: What the Evidence Shows | Surpass,"HMB may be useful in some high-stress or low-training contexts, but meta-analyses do not support routine strength or muscle gains in trained lifters.",1,HMB for Strength Athletes: What the Evidence Shows,899,article,SoftwareApplication|Organization|WebSite,yes,14,36,0,0,indexable,Improve,,audited,
https://jacked.coach/blog/l-carnitine-supplementation-strength-hypertrophy,sitemap|internal:https://jacked.coach/blog|internal:https://jacked.coach/blog/coq10-strength-athletes-mitochondria|internal:https://jacked.coach/blog/alpha-lipoic-acid-lifters-insulin,200,,,https://jacked.coach/blog/l-carnitine-supplementation-strength-hypertrophy,"index, follow",,yes,L-Carnitine for Strength Athletes: What the Research Shows | Surpass,"L-carnitine has a role in fatty-acid transport, but evidence for strength and hypertrophy in healthy lifters is limited and context-dependent.",1,L-Carnitine for Strength Athletes: What the Research Shows,847,article,SoftwareApplication|Organization|WebSite,yes,5,36,0,0,indexable,Improve,,audited,
https://jacked.coach/blog/vitamin-d-supplementation-strength-athletes,sitemap|internal:https://jacked.coach/blog|internal:https://jacked.coach/blog/magnesium-supplementation-strength-athletes,200,,,https://jacked.coach/blog/vitamin-d-supplementation-strength-athletes,"index, follow",,yes,"Vitamin D for Strength Athletes: Test First, Supplement Carefully | Surpass","Vitamin D can matter for bone and muscle health when status is low, but there is no universal athlete target or guaranteed strength benefit from extra…",1,"Vitamin D for Strength Athletes: Test First, Supplement Carefully",1095,article,SoftwareApplication|Organization|WebSite,yes,12,36,0,0,indexable,Improve,,audited,
https://jacked.coach/blog/betaine-supplementation-strength-power-science,sitemap|internal:https://jacked.coach/blog,200,,,https://jacked.coach/blog/betaine-supplementation-strength-power-science,"index, follow",,yes,Betaine Supplementation: What the Strength Evidence Shows | Surpass,"Betaine is biologically plausible, but most strength and power outcomes are inconsistent. Here is how to judge the supplement without overselling it.",1,Betaine Supplementation: What the Strength Evidence Shows,931,article,SoftwareApplication|Organization|WebSite,yes,4,36,0,0,indexable,Improve,,audited,
https://jacked.coach/blog/vitamin-k2-strength-athletes-bone-health,sitemap|internal:https://jacked.coach/blog|internal:https://jacked.coach/blog/vitamin-d-supplementation-strength-athletes,200,,,https://jacked.coach/blog/vitamin-k2-strength-athletes-bone-health,"index, follow",,yes,"Vitamin K2, Bone Health, and Strength Training | Surpass","What vitamin K does in bone biology, what K2 trials can tell lifters, and why D3 does not automatically require a K2 supplement.",1,"Vitamin K2, Bone Health, and Strength Training",1141,article,SoftwareApplication|Organization|WebSite,yes,4,36,0,0,indexable,Improve,,audited,
https://jacked.coach/blog/creatine-loading-phase-necessary-research,sitemap|internal:https://jacked.coach/blog,200,,,https://jacked.coach/blog/creatine-loading-phase-necessary-research,"index, follow",,yes,Creatine Loading Phase: What the Research Says | Surpass,"Creatine loading can raise muscle creatine stores faster, but it is optional. Compare a divided loading protocol with a smaller daily dose, side effects,…",1,Creatine Loading Phase: What the Research Says,1219,article,SoftwareApplication|Organization|WebSite,yes,10,35,0,0,indexable,Improve,,audited,
https://jacked.coach/blog/vitamin-d-muscle-building-strength-science,sitemap|internal:https://jacked.coach/blog|internal:https://jacked.coach/blog/magnesium-supplementation-strength-athletes|internal:https://jacked.coach/blog/vitamin-d-supplementation-strength-athletes|internal:https://jacked.coach/blog/vitamin-k2-strength-athletes-bone-health,200,,,https://jacked.coach/blog/vitamin-d-muscle-building-strength-science,"index, follow",,yes,Vitamin D and Muscle Building: What Trials Actually Show | Surpass,"Vitamin D supports bone and muscle biology, but supplementation appears most useful when status is low and does not reliably add strength to…",1,Vitamin D and Muscle Building: What Trials Actually Show,1197,article,SoftwareApplication|Organization|WebSite,yes,10,36,0,0,indexable,Improve,,audited,
https://jacked.coach/blog/astaxanthin-supplementation-athletes,sitemap|internal:https://jacked.coach/blog|internal:https://jacked.coach/blog/coq10-strength-athletes-mitochondria|internal:https://jacked.coach/blog/alpha-lipoic-acid-lifters-insulin|internal:https://jacked.coach/blog/nac-supplementation-exercise-performance|internal:https://jacked.coach/blog/citrulline-supplementation-strength-training|internal:https://jacked.coach/blog/magnesium-supplementation-strength-athletes|internal:https://jacked.coach/blog/beta-ecdysterone-muscle-anabolic-research|internal:https://jacked.coach/blog/hmb-supplementation-strength-athletes|internal:https://jacked.coach/blog/l-carnitine-supplementation-strength-hypertrophy|internal:https://jacked.coach/blog/vitamin-d-supplementation-strength-athletes|internal:https://jacked.coach/blog/vitamin-d-muscle-building-strength-science,200,,,https://jacked.coach/blog/astaxanthin-supplementation-athletes,"index, follow",,yes,Astaxanthin for Athletes: What Exercise Research Shows | Surpass,"Astaxanthin changes some post-exercise biomarkers in studies, but current evidence does not establish better strength, muscle growth, or endurance performance.",1,Astaxanthin for Athletes: What Exercise Research Shows,1125,article,SoftwareApplication|Organization|WebSite,yes,25,36,0,0,indexable,Improve,,audited,
https://jacked.coach/blog/caffeine-pre-workout-science-2026,sitemap|internal:https://jacked.coach/blog|internal:https://jacked.coach/blog/citrulline-supplementation-strength-training,200,,,https://jacked.coach/blog/caffeine-pre-workout-science-2026,"index, follow",,yes,Caffeine and Pre-Workout: What the Evidence Supports | Surpass,"Caffeine can improve some resistance-exercise outcomes, but dose, tolerance, anxiety, and sleep determine whether it helps your training overall.",1,Caffeine and Pre-Workout: What the Evidence Supports,934,article,SoftwareApplication|Organization|WebSite,yes,11,36,0,0,indexable,Improve,,audited,
https://jacked.coach/blog/best-supplements-strength-athletes,sitemap|internal:https://jacked.coach/blog,200,,,https://jacked.coach/blog/best-supplements-strength-athletes,"index, follow",,yes,Best Supplements for Strength Athletes: Evidence-Based Priorities | Surpass,"A practical ranking of strength supplements by evidence, use case, cost, and limitations—without treating any product as a substitute for training.",1,Best Supplements for Strength Athletes: Evidence-Based Priorities,1070,article,SoftwareApplication|Organization|WebSite,yes,11,36,0,0,indexable,Improve,,audited,
https://jacked.coach/blog/bpc-157-peptide-science-recovery-evidence,sitemap|internal:https://jacked.coach/blog,200,,,https://jacked.coach/blog/bpc-157-peptide-science-recovery-evidence,"index, follow",,yes,BPC-157 for Injury Recovery: What the Evidence Shows | Surpass,"BPC-157 has extensive preclinical interest but sparse human evidence. Here is what that means for injury claims, safety, regulation, and training decisions.",1,BPC-157 for Injury Recovery: What the Evidence Shows,1101,article,SoftwareApplication|Organization|WebSite,yes,5,36,0,0,indexable,Improve,,audited,
https://jacked.coach/blog/creatine-caffeine-interaction-muscle-science,sitemap|internal:https://jacked.coach/blog|internal:https://jacked.coach/blog/caffeine-pre-workout-science-2026,200,,,https://jacked.coach/blog/creatine-caffeine-interaction-muscle-science,"index, follow",,yes,Creatine and Caffeine: Do They Cancel Each Other Out? | Surpass,"Creatine and caffeine can be used together, but studies are mixed on their interaction. Here is what matters more than perfect timing.",1,Creatine and Caffeine: Do They Cancel Each Other Out?,918,article,SoftwareApplication|Organization|WebSite,yes,12,36,0,0,indexable,Improve,,audited,
https://jacked.coach/blog/dileucine-supplement-muscle-protein-synthesis-research,sitemap|internal:https://jacked.coach/blog|internal:https://jacked.coach/blog/beta-ecdysterone-muscle-anabolic-research,200,,,https://jacked.coach/blog/dileucine-supplement-muscle-protein-synthesis-research,"index, follow",,yes,Dileucine and Muscle Protein Synthesis: What One Trial Shows | Surpass,"A small human trial found dileucine increased muscle protein turnover versus leucine, but that does not yet prove more strength or muscle in training.",1,Dileucine and Muscle Protein Synthesis: What One Trial Shows,843,article,SoftwareApplication|Organization|WebSite,yes,5,36,0,0,indexable,Improve,,audited,
https://jacked.coach/blog/citrulline-malate-pre-workout-science-2026,sitemap|internal:https://jacked.coach/blog|internal:https://jacked.coach/blog/nac-supplementation-exercise-performance|internal:https://jacked.coach/blog/citrulline-supplementation-strength-training|internal:https://jacked.coach/blog/astaxanthin-supplementation-athletes|internal:https://jacked.coach/blog/caffeine-pre-workout-science-2026,200,,,https://jacked.coach/blog/citrulline-malate-pre-workout-science-2026,"index, follow",,yes,Citrulline Malate: What the Pre-Workout Evidence Shows | Surpass,"Citrulline malate may help some exercise-performance outcomes, but the evidence is mixed and does not justify fixed promises about reps, soreness, or…",1,Citrulline Malate: What the Pre-Workout Evidence Shows,874,article,SoftwareApplication|Organization|WebSite,yes,8,36,0,0,indexable,Improve,,audited,
https://jacked.coach/blog/pqq-supplementation-mitochondrial-muscle-health,sitemap|internal:https://jacked.coach/blog|internal:https://jacked.coach/blog/alpha-lipoic-acid-lifters-insulin|internal:https://jacked.coach/blog/hmb-supplementation-strength-athletes|internal:https://jacked.coach/blog/astaxanthin-supplementation-athletes,200,,,https://jacked.coach/blog/pqq-supplementation-mitochondrial-muscle-health,"index, follow",,yes,PQQ for Muscle Health: What Human Evidence Shows | Surpass,"PQQ changes some mitochondrial-related biomarkers in human studies, but evidence for strength, hypertrophy, or recovery in trained lifters is lacking.",1,PQQ for Muscle Health: What Human Evidence Shows,837,article,SoftwareApplication|Organization|WebSite,yes,8,36,0,0,indexable,Improve,,audited,
https://jacked.coach/blog/supplement-stacking-science,sitemap|internal:https://jacked.coach/blog|internal:https://jacked.coach/blog/creatine-caffeine-interaction-muscle-science,200,,,https://jacked.coach/blog/supplement-stacking-science,"index, follow",,yes,Supplement Stacking: What Works Together and What Is Uncertain | Surpass,"How to combine creatine, protein, caffeine, and other supplements without inventing synergies, ignoring interactions, or turning a simple routine into a…",1,Supplement Stacking: What Works Together and What Is Uncertain,1049,article,SoftwareApplication|Organization|WebSite,yes,5,36,0,0,indexable,Improve,,audited,
https://jacked.coach/blog/urolithin-a-mitophagy-muscle-health,sitemap|internal:https://jacked.coach/blog|internal:https://jacked.coach/blog/pqq-supplementation-mitochondrial-muscle-health,200,,,https://jacked.coach/blog/urolithin-a-mitophagy-muscle-health,"index, follow",,yes,Urolithin A for Muscle Health: What Human Trials Show | Surpass,"Urolithin A has human trials in middle-aged and older adults, but mitophagy claims should not be converted into a guaranteed muscle-building effect.",1,Urolithin A for Muscle Health: What Human Trials Show,849,article,SoftwareApplication|Organization|WebSite,yes,6,36,0,0,indexable,Improve,,audited,
https://jacked.coach/blog/spermidine-supplementation-muscle-autophagy,sitemap|internal:https://jacked.coach/blog|internal:https://jacked.coach/blog/alpha-lipoic-acid-lifters-insulin|internal:https://jacked.coach/blog/pqq-supplementation-mitochondrial-muscle-health|internal:https://jacked.coach/blog/urolithin-a-mitophagy-muscle-health,200,,,https://jacked.coach/blog/spermidine-supplementation-muscle-autophagy,"index, follow",,yes,Spermidine for Muscle Health: What Human Evidence Shows | Surpass,"Spermidine is linked to autophagy in laboratory research, but direct evidence for better muscle or strength in trained humans remains limited.",1,Spermidine for Muscle Health: What Human Evidence Shows,893,article,SoftwareApplication|Organization|WebSite,yes,5,36,0,0,indexable,Improve,,audited,
https://jacked.coach/blog/supplement-timing-science-muscle-building,sitemap|internal:https://jacked.coach/blog|internal:https://jacked.coach/blog/caffeine-pre-workout-science-2026|internal:https://jacked.coach/blog/creatine-caffeine-interaction-muscle-science|internal:https://jacked.coach/blog/citrulline-malate-pre-workout-science-2026|internal:https://jacked.coach/blog/supplement-stacking-science,200,,,https://jacked.coach/blog/supplement-timing-science-muscle-building,"index, follow",,yes,"Supplement Timing: Creatine, Protein, and Caffeine | Surpass","Which supplements depend mostly on daily consistency, which may affect an acute workout, and how to avoid turning timing into needless complexity.",1,"Supplement Timing: Creatine, Protein, and Caffeine",973,article,SoftwareApplication|Organization|WebSite,yes,9,36,0,0,indexable,Improve,,audited,
https://jacked.coach/blog/hgh-boosters-natural-compounds-lifters,sitemap|internal:https://jacked.coach/blog|internal:https://jacked.coach/blog/vitamin-k2-strength-athletes-bone-health|internal:https://jacked.coach/blog/urolithin-a-mitophagy-muscle-health,200,,,https://jacked.coach/blog/hgh-boosters-natural-compounds-lifters,"index, follow",,yes,Natural HGH Boosters: What Lifters Should Know | Surpass,"Sleep and training influence growth-hormone pulses, but supplement claims about raising HGH rarely translate into more strength or muscle.",1,Natural HGH Boosters: What Lifters Should Know,917,article,SoftwareApplication|Organization|WebSite,yes,3,36,0,0,indexable,Improve,,audited,
https://jacked.coach/blog/ai-fitness-programming-algorithms-2026,sitemap|internal:https://jacked.coach/blog|internal:https://jacked.coach/blog/auto-progression-feature-muscle-growth|internal:https://jacked.coach/blog/why-workout-apps-dont-work,200,,,https://jacked.coach/blog/ai-fitness-programming-algorithms-2026,"index, follow",,yes,"AI Fitness Programming: Recommendations, Data, and Limits | Surpass","AI workout systems can turn training history into recommendations, but useful programming still depends on data quality, transparent rules, and human judgement.",1,"AI Fitness Programming: Recommendations, Data, and Limits",1362,article,SoftwareApplication|Organization|WebSite,yes,5,37,0,0,indexable,Improve,,audited,
https://jacked.coach/blog/anabolic-resistance-older-adults-2026,sitemap|internal:https://jacked.coach/blog,200,,,https://jacked.coach/blog/anabolic-resistance-older-adults-2026,"index, follow",,yes,Anabolic Resistance: Protein and Muscle in Older Adults | Surpass,"Age can reduce the acute muscle-protein-synthesis response to feeding or exercise, but older adults can still gain muscle.",1,Anabolic Resistance: Protein and Muscle in Older Adults,1036,article,SoftwareApplication|Organization|WebSite,yes,20,34,0,0,indexable,Improve,,audited,
https://jacked.coach/blog/autoprogression-science-2026,sitemap|internal:https://jacked.coach/blog|internal:https://jacked.coach/blog/auto-progression-feature-muscle-growth|internal:https://jacked.coach/blog/plateaus-break-through-muscle|internal:https://jacked.coach/blog/workout-app-not-building-muscle,200,,,https://jacked.coach/blog/autoprogression-science-2026,"index, follow",,yes,Autoprogression: How to Choose the Next Training Load | Surpass,"A practical guide to using reps, RIR, RPE, and performance trends to adjust the next load—without claiming that an app can predict the perfect session.",1,Autoprogression: How to Choose the Next Training Load,1119,article,SoftwareApplication|Organization|WebSite,yes,14,35,0,0,indexable,Improve,,audited,
https://jacked.coach/blog/beta-alanine-strength-training-science-2026,sitemap|internal:https://jacked.coach/blog,200,,,https://jacked.coach/blog/beta-alanine-strength-training-science-2026,"index, follow",,yes,Beta-Alanine for Strength Training: Where It Fits | Surpass,"Beta-alanine raises muscle carnosine, but its clearest performance evidence is for hard efforts lasting roughly one to ten minutes—not automatic strength…",1,Beta-Alanine for Strength Training: Where It Fits,1103,article,SoftwareApplication|Organization|WebSite,yes,3,35,0,0,indexable,Improve,,audited,
https://jacked.coach/blog/ashwagandha-strength-training-supplement-science-2026,sitemap|internal:https://jacked.coach/blog,200,,,https://jacked.coach/blog/ashwagandha-strength-training-supplement-science-2026,"index, follow",,yes,Ashwagandha for Lifters: What the Exercise Evidence Shows | Surpass,"A cautious review of ashwagandha trials in resistance training, including what may help, what remains uncertain, and the safety questions to check first.",1,Ashwagandha for Lifters: What the Exercise Evidence Shows,1241,article,SoftwareApplication|Organization|WebSite,yes,5,35,0,0,indexable,Improve,,audited,
https://jacked.coach/blog/blood-biomarkers-lifters-guide-2026,sitemap|internal:https://jacked.coach/blog|internal:https://jacked.coach/blog/ashwagandha-strength-training-supplement-science-2026,200,,,https://jacked.coach/blog/blood-biomarkers-lifters-guide-2026,"index, follow",,yes,Blood Tests for Lifters: What They Can and Cannot Tell You | Surpass,"A clinician-led guide to testosterone, cortisol, CK, CRP, and other blood tests—what they measure, what they do not prove, and when testing is worth discussing.",1,Blood Tests for Lifters: What They Can and Cannot Tell You,1559,article,SoftwareApplication|Organization|WebSite,yes,10,34,0,0,indexable,Improve,,audited,
https://jacked.coach/blog/body-types-science-fitness-2026,sitemap|internal:https://jacked.coach/blog,200,,,https://jacked.coach/blog/body-types-science-fitness-2026,"index, follow",,yes,Body Types and Training: What Somatotypes Can—and Cannot—Predict | Surpass,"Ectomorph, mesomorph, and endomorph labels describe appearance, but they do not prescribe your calories, exercises, or genetic ceiling.",1,Body Types and Training: What Somatotypes Can—and Cannot—Predict,929,article,SoftwareApplication|Organization|WebSite,yes,2,35,0,0,indexable,Improve,,audited,
https://jacked.coach/blog/cluster-sets-hypertrophy-2026,sitemap|internal:https://jacked.coach/blog|internal:https://jacked.coach/blog/beta-alanine-strength-training-science-2026,200,,,https://jacked.coach/blog/cluster-sets-hypertrophy-2026,"index, follow",,yes,"Cluster Sets: A Way to Redistribute Rest, Not a Guaranteed Growth | Surpass","Cluster sets can preserve rep quality and reduce fatigue, but current trials do not show that they build more muscle than well-matched straight sets.",1,"Cluster Sets: A Way to Redistribute Rest, Not a Guaranteed Growth Upgrade",1039,article,SoftwareApplication|Organization|WebSite,yes,10,34,0,0,indexable,Improve,,audited,
https://jacked.coach/blog/complete-guide-muscle-building-2026,sitemap|internal:https://jacked.coach/blog|internal:https://jacked.coach/blog/vitamin-d-muscle-building-strength-science,200,,,https://jacked.coach/blog/complete-guide-muscle-building-2026,"index, follow",,yes,How to Build Muscle: A Practical Starting Plan | Surpass,"A clear starting plan for muscle gain: choose productive training, eat enough protein and energy, manage fatigue, and adjust from your own record.",1,How to Build Muscle: A Practical Starting Plan,1455,article,SoftwareApplication|Organization|WebSite,yes,6,34,0,0,indexable,Improve,,audited,
https://jacked.coach/blog/cold-water-immersion-muscle-growth-science-2026,sitemap|internal:https://jacked.coach/blog|internal:https://jacked.coach/blog/astaxanthin-supplementation-athletes|internal:https://jacked.coach/blog/bpc-157-peptide-science-recovery-evidence,200,,,https://jacked.coach/blog/cold-water-immersion-muscle-growth-science-2026,"index, follow",,yes,Cold-Water Immersion and Muscle Growth | Surpass,"Cold water can change soreness and perceived recovery, but repeated post-lifting immersion may not be neutral for adaptation; use it for a specific need,…",1,Cold-Water Immersion and Muscle Growth: Separate Soreness from Adaptation,942,article,SoftwareApplication|Organization|WebSite,yes,10,35,0,0,indexable,Improve,,audited,
https://jacked.coach/blog/concurrent-training-interference-effect-2026,sitemap|internal:https://jacked.coach/blog,200,,,https://jacked.coach/blog/concurrent-training-interference-effect-2026,"index, follow",,yes,Concurrent Strength and Hypertrophy Training: How to Combine Goals | Surpass,"Strength and hypertrophy can be trained together; the practical trade-offs depend on total fatigue, exercise order, endurance work, recovery, and which…",1,Concurrent Strength and Hypertrophy Training: How to Combine Goals,1145,article,SoftwareApplication|Organization|WebSite,yes,9,35,0,0,indexable,Improve,,audited,
https://jacked.coach/blog/creatine-monohydrate-science-2026,sitemap|internal:https://jacked.coach/blog|internal:https://jacked.coach/blog/coq10-strength-athletes-mitochondria|internal:https://jacked.coach/blog/alpha-lipoic-acid-lifters-insulin|internal:https://jacked.coach/blog/citrulline-supplementation-strength-training|internal:https://jacked.coach/blog/beta-ecdysterone-muscle-anabolic-research|internal:https://jacked.coach/blog/hmb-supplementation-strength-athletes|internal:https://jacked.coach/blog/l-carnitine-supplementation-strength-hypertrophy|internal:https://jacked.coach/blog/betaine-supplementation-strength-power-science|internal:https://jacked.coach/blog/creatine-loading-phase-necessary-research|internal:https://jacked.coach/blog/astaxanthin-supplementation-athletes|internal:https://jacked.coach/blog/best-supplements-strength-athletes|internal:https://jacked.coach/blog/creatine-caffeine-interaction-muscle-science|internal:https://jacked.coach/blog/dileucine-supplement-muscle-protein-synthesis-research|internal:https://jacked.coach/blog/citrulline-malate-pre-workout-science-2026|internal:https://jacked.coach/blog/pqq-supplementation-mitochondrial-muscle-health|internal:https://jacked.coach/blog/urolithin-a-mitophagy-muscle-health|internal:https://jacked.coach/blog/spermidine-supplementation-muscle-autophagy|internal:https://jacked.coach/blog/beta-alanine-strength-training-science-2026,200,,,https://jacked.coach/blog/creatine-monohydrate-science-2026,"index, follow",,yes,"Creatine Monohydrate: Benefits, Loading, Safety, and Limits | Surpass","Creatine monohydrate can support strength and high-intensity training for many people, but loading is optional and a supplement response is not…",1,"Creatine Monohydrate: Benefits, Loading, Safety, and Limits",1086,article,SoftwareApplication|Organization|WebSite,yes,42,36,0,0,indexable,Improve,,audited,
https://jacked.coach/blog/daily-steps-muscle-growth-science-2026,sitemap|internal:https://jacked.coach/blog,200,,,https://jacked.coach/blog/daily-steps-muscle-growth-science-2026,"index, follow",,yes,"Daily Steps, Recovery, and Muscle Growth: What We Can Actually Say | Surpass","Walking supports general activity and health, but there is no validated step-count target that directly predicts hypertrophy.",1,"Daily Steps, Recovery, and Muscle Growth: What We Can Actually Say",1017,article,SoftwareApplication|Organization|WebSite,yes,11,35,0,0,indexable,Improve,,audited,
https://jacked.coach/blog/eccentric-overload-training-muscle-growth-2026,sitemap|internal:https://jacked.coach/blog,200,,,https://jacked.coach/blog/eccentric-overload-training-muscle-growth-2026,"index, follow",,yes,Eccentric Overload Training: What It May Add to Hypertrophy | Surpass,"Eccentric loading can produce high force, but current reviews do not establish a universal muscle-growth advantage over well-designed traditional…",1,Eccentric Overload Training: What It May Add to Hypertrophy,1047,article,SoftwareApplication|Organization|WebSite,yes,13,34,0,0,indexable,Improve,,audited,
https://jacked.coach/blog/exerkines-muscle-signaling-molecules-2026,sitemap|internal:https://jacked.coach/blog|internal:https://jacked.coach/blog/cold-water-immersion-muscle-growth-science-2026,200,,,https://jacked.coach/blog/exerkines-muscle-signaling-molecules-2026,"index, follow",,yes,Exerkines and Myokines: What Exercise Signals Can—and Cannot—Tell You | Surpass,"Exercise changes circulating signals from muscle and other tissues, but acute biomarker changes are not a muscle-growth score or a prescription for a…",1,Exerkines and Myokines: What Exercise Signals Can—and Cannot—Tell You,1104,article,SoftwareApplication|Organization|WebSite,yes,7,35,0,0,indexable,Improve,,audited,
https://jacked.coach/blog/exercise-snacking-muscle-science-2026,sitemap|internal:https://jacked.coach/blog,200,,,https://jacked.coach/blog/exercise-snacking-muscle-science-2026,"index, follow",,yes,Exercise Snacking: Can Short Resistance Bouts Still Help? | Surpass,"Brief, frequent resistance sessions can make training more accessible and may improve strength and function, but direct evidence for maximal hypertrophy…",1,Exercise Snacking: Can Short Resistance Bouts Still Help?,899,article,SoftwareApplication|Organization|WebSite,yes,10,34,0,0,indexable,Improve,,audited,
https://jacked.coach/blog/glp-1-muscle-preservation-science-2026,sitemap|internal:https://jacked.coach/blog,200,,,https://jacked.coach/blog/glp-1-muscle-preservation-science-2026,"index, follow",,yes,GLP-1 Medicines and Muscle Preservation During Weight Loss | Surpass,"What lean-mass studies can and cannot tell lifters using semaglutide or tirzepatide, and how resistance training, food, and clinical monitoring fit in.",1,GLP-1 Medicines and Muscle Preservation During Weight Loss,1136,article,SoftwareApplication|Organization|WebSite,yes,7,35,0,0,indexable,Improve,,audited,
https://jacked.coach/blog/fasted-vs-fed-training-muscle-growth-2026,sitemap|internal:https://jacked.coach/blog|internal:https://jacked.coach/blog/alpha-lipoic-acid-lifters-insulin|internal:https://jacked.coach/blog/supplement-timing-science-muscle-building,200,,,https://jacked.coach/blog/fasted-vs-fed-training-muscle-growth-2026,"index, follow",,yes,Fasted vs Fed Training: A Practical Guide to Meal Timing | Surpass,"Fasted lifting is not automatically better or worse for muscle growth. Here is how meal timing affects performance, recovery, and the choice you can…",1,Fasted vs Fed Training: A Practical Guide to Meal Timing,1280,article,SoftwareApplication|Organization|WebSite,yes,11,34,0,0,indexable,Improve,,audited,
https://jacked.coach/blog/heat-shock-proteins-muscle-growth-2026,sitemap|internal:https://jacked.coach/blog|internal:https://jacked.coach/blog/complete-guide-muscle-building-2026|internal:https://jacked.coach/blog/cold-water-immersion-muscle-growth-science-2026,200,,,https://jacked.coach/blog/heat-shock-proteins-muscle-growth-2026,"index, follow",,yes,"Heat Shock Proteins, Sauna, and Muscle: What the Evidence Shows | Surpass","Heat can change cellular stress responses, but sauna or passive heating is not a proven way to build more muscle; this guide separates HSP biology from…",1,"Heat Shock Proteins, Sauna, and Muscle: What the Evidence Shows",1030,article,SoftwareApplication|Organization|WebSite,yes,9,35,0,0,indexable,Improve,,audited,
https://jacked.coach/blog/grip-strength-longevity-muscle-building-2026,sitemap|internal:https://jacked.coach/blog,200,,,https://jacked.coach/blog/grip-strength-longevity-muscle-building-2026,"index, follow",,yes,"Grip Strength, Training, and Longevity: What the Metric Means | Surpass","Grip strength is associated with health outcomes and can limit pulling and carrying work, but it is not a guarantee of lifespan, muscle growth, or…",1,"Grip Strength, Training, and Longevity: What the Metric Means",947,article,SoftwareApplication|Organization|WebSite,yes,3,35,0,0,indexable,Improve,,audited,
https://jacked.coach/blog/heat-training-muscle-growth-science-2026,sitemap|internal:https://jacked.coach/blog|internal:https://jacked.coach/blog/heat-shock-proteins-muscle-growth-2026,200,,,https://jacked.coach/blog/heat-training-muscle-growth-science-2026,"index, follow",,yes,Heat Training and Muscle Growth: What We Actually Know | Surpass,"Heat exposure changes thermoregulation and cellular stress responses, but current human evidence is not strong enough to treat sauna or hot-weather…",1,Heat Training and Muscle Growth: What We Actually Know,1028,article,SoftwareApplication|Organization|WebSite,yes,20,34,0,0,indexable,Improve,,audited,
https://jacked.coach/blog/hmb-supplementation-muscle-building-2026,sitemap|internal:https://jacked.coach/blog,200,,,https://jacked.coach/blog/hmb-supplementation-muscle-building-2026,"index, follow",,yes,HMB for Muscle: Who Might Benefit and What Is Uncertain | Surpass,"HMB is a leucine metabolite with a mixed resistance-training literature. Learn why results may differ in older, untrained, energy-restricted, and…",1,HMB for Muscle: Who Might Benefit and What Is Uncertain,1011,article,SoftwareApplication|Organization|WebSite,yes,2,35,0,0,indexable,Improve,,audited,
https://jacked.coach/blog/hrv-training-optimization-science-2026,sitemap|internal:https://jacked.coach/blog,200,,,https://jacked.coach/blog/hrv-training-optimization-science-2026,"index, follow",,yes,Heart Rate Variability and Training: How to Use the Signal Carefully | Surpass,"HRV can add recovery context to a training log, but it is noisy and personal; learn how to combine it with sleep, symptoms, effort, and performance…",1,Heart Rate Variability and Training: How to Use the Signal Carefully,1301,article,SoftwareApplication|Organization|WebSite,yes,7,35,0,0,indexable,Improve,,audited,
https://jacked.coach/blog/immune-cell-muscle-repair-discovery-2026,sitemap|internal:https://jacked.coach/blog,200,,,https://jacked.coach/blog/immune-cell-muscle-repair-discovery-2026,"index, follow",,yes,Macrophages and Muscle Repair: What the New Study Found | Surpass,"A 2025 mouse study found synaptic-like macrophage contacts that support muscle repair. It is important biology, not a human recovery shortcut.",1,Macrophages and Muscle Repair: What the New Study Found,1229,article,SoftwareApplication|Organization|WebSite,yes,1,34,0,0,indexable,Improve,,audited,
https://jacked.coach/blog/hypertrophy-training-myths-2026,sitemap|internal:https://jacked.coach/blog|internal:https://jacked.coach/blog/creatine-loading-phase-necessary-research|internal:https://jacked.coach/blog/beta-alanine-strength-training-science-2026,200,,,https://jacked.coach/blog/hypertrophy-training-myths-2026,"index, follow",,yes,Hypertrophy Training Myths: What the Evidence Actually Says | Surpass,"A research-informed guide to load, failure, protein timing, volume, range of motion, soreness, and the limits of one-size-fits-all muscle-building rules.",1,Hypertrophy Training Myths: What the Evidence Actually Says,1220,article,SoftwareApplication|Organization|WebSite,yes,21,35,0,0,indexable,Improve,,audited,
https://jacked.coach/blog/intermittent-fasting-muscle-building-research-2026,sitemap|internal:https://jacked.coach/blog|internal:https://jacked.coach/blog/anabolic-resistance-older-adults-2026|internal:https://jacked.coach/blog/hmb-supplementation-muscle-building-2026,200,,,https://jacked.coach/blog/intermittent-fasting-muscle-building-research-2026,"index, follow",,yes,Intermittent Fasting and Muscle Building: What the Evidence Supports | Surpass,"Time-restricted eating can fit a resistance-training diet, but it is not a muscle-building advantage; energy, protein, training quality, and adherence…",1,Intermittent Fasting and Muscle Building: What the Evidence Supports,1111,article,SoftwareApplication|Organization|WebSite,yes,9,36,0,0,indexable,Improve,,audited,
https://jacked.coach/blog/jeff-nippard-muscle-lab-fitness-research-facility-2026,sitemap|internal:https://jacked.coach/blog,200,,,https://jacked.coach/blog/jeff-nippard-muscle-lab-fitness-research-facility-2026,"index, follow",,yes,Jeff Nippard&#x27;s Muscle Lab: What a Private Fitness Facility Can—and | Surpass,"Jeff Nippard&#x27;s Muscle Lab combines training, measurement, and content production. Here is how to evaluate its potential without confusing equipment with…",1,Jeff Nippard&#x27;s Muscle Lab: What a Private Fitness Facility Can—and Cannot—Prove,1215,article,SoftwareApplication|Organization|WebSite,yes,6,34,0,0,indexable,Improve,,audited,
https://jacked.coach/blog/keto-diet-strength-training-muscle-building-2026,sitemap|internal:https://jacked.coach/blog|internal:https://jacked.coach/blog/beta-alanine-strength-training-science-2026|internal:https://jacked.coach/blog/concurrent-training-interference-effect-2026|internal:https://jacked.coach/blog/creatine-monohydrate-science-2026|internal:https://jacked.coach/blog/eccentric-overload-training-muscle-growth-2026,200,,,https://jacked.coach/blog/keto-diet-strength-training-muscle-building-2026,"index, follow",,yes,"Keto and Strength Training: Muscle, Performance, and Trade-offs | Surpass","A ketogenic diet can support a resistance-training goal for some people, but current reviews do not show a hypertrophy advantage and carbohydrate…",1,"Keto and Strength Training: Muscle, Performance, and Trade-offs",1093,article,SoftwareApplication|Organization|WebSite,yes,12,35,0,0,indexable,Improve,,audited,
https://jacked.coach/blog/metabolic-stress-lactate-muscle-growth-2026,sitemap|internal:https://jacked.coach/blog,200,,,https://jacked.coach/blog/metabolic-stress-lactate-muscle-growth-2026,"index, follow",,yes,Metabolic Stress and Lactate: What It Means for Muscle Growth | Surpass,"Lactate and metabolite accumulation accompany hard training, but they are not a secret hypertrophy switch; effort, loading, volume, and progression…",1,Metabolic Stress and Lactate: What It Means for Muscle Growth,1037,article,SoftwareApplication|Organization|WebSite,yes,6,35,0,0,indexable,Improve,,audited,
https://jacked.coach/blog/mike-mentzer-heavy-duty-training-science-2026,sitemap|internal:https://jacked.coach/blog,200,,,https://jacked.coach/blog/mike-mentzer-heavy-duty-training-science-2026,"index, follow",,yes,Mike Mentzer&#x27;s Heavy Duty Training: What Can It Do in 2026? | Surpass,"A practical, evidence-aware look at one-set-to-failure training, lower volume, and how to judge whether a high-intensity plan is working for you.",1,Mike Mentzer&#x27;s Heavy Duty Training: What Can It Do in 2026?,1200,article,SoftwareApplication|Organization|WebSite,yes,5,34,0,0,indexable,Improve,,audited,
https://jacked.coach/blog/minimum-effective-dose-muscle-growth-2026,sitemap|internal:https://jacked.coach/blog|internal:https://jacked.coach/blog/daily-steps-muscle-growth-science-2026,200,,,https://jacked.coach/blog/minimum-effective-dose-muscle-growth-2026,"index, follow",,yes,Minimum Effective Dose for Muscle Growth | Surpass,"There is no universal minimum set count for hypertrophy; start with recoverable work, train with intent, and add volume only when progress and recovery…",1,Minimum Effective Dose for Muscle Growth: How to Find Your Starting Point,1273,article,SoftwareApplication|Organization|WebSite,yes,9,35,0,0,indexable,Improve,,audited,
https://jacked.coach/blog/mike-mentzer-high-intensity-training-2026,sitemap|internal:https://jacked.coach/blog|internal:https://jacked.coach/blog/mike-mentzer-heavy-duty-training-science-2026,200,,,https://jacked.coach/blog/mike-mentzer-high-intensity-training-2026,"index, follow",,yes,Mike Mentzer&#x27;s High-Intensity Training: What the Evidence Can Support | Surpass,"Mentzer&#x27;s low-volume, high-effort approach can be time-efficient, but one-set-to-failure training is not a universal hypertrophy prescription.",1,Mike Mentzer&#x27;s High-Intensity Training: What the Evidence Can Support,1135,article,SoftwareApplication|Organization|WebSite,yes,7,34,0,0,indexable,Improve,,audited,
https://jacked.coach/blog/mtor-leucine-threshold-2026,sitemap|internal:https://jacked.coach/blog|internal:https://jacked.coach/blog/anabolic-resistance-older-adults-2026,200,,,https://jacked.coach/blog/mtor-leucine-threshold-2026,"index, follow",,yes,mTOR and Leucine: What the Muscle-Building Signal Really Tells You | Surpass,"Leucine and resistance exercise influence mTORC1 signaling and muscle protein synthesis, but no single leucine threshold or meal size guarantees muscle growth.",1,mTOR and Leucine: What the Muscle-Building Signal Really Tells You,929,article,SoftwareApplication|Organization|WebSite,yes,6,34,0,0,indexable,Improve,,audited,
https://jacked.coach/blog/muscle-damage-doms-hypertrophy-science-2026,sitemap|internal:https://jacked.coach/blog,200,,,https://jacked.coach/blog/muscle-damage-doms-hypertrophy-science-2026,"index, follow",,yes,Muscle Damage and DOMS: What Soreness Does—and Does Not—Mean | Surpass,Delayed soreness follows unfamiliar or demanding exercise and is not a reliable score for muscle growth; learn how to interpret it and manage the next session.,1,Muscle Damage and DOMS: What Soreness Does—and Does Not—Mean,1005,article,SoftwareApplication|Organization|WebSite,yes,7,34,0,0,indexable,Improve,,audited,
https://jacked.coach/blog/muscle-pump-myth-2026,sitemap|internal:https://jacked.coach/blog|internal:https://jacked.coach/blog/epicatechin-cocoa-flavanol-muscle-growth,200,,,https://jacked.coach/blog/muscle-pump-myth-2026,"index, follow",,yes,The Muscle Pump Myth: What Science Actually Says | Surpass,"That satisfying pump you feel after a workout might feel like growth, but 2025 research says it&#x27;s not driving hypertrophy.",1,The Muscle Pump Myth: What Science Actually Says,1277,article,SoftwareApplication|Organization|WebSite,yes,5,34,0,0,indexable,Improve,,audited,
https://jacked.coach/blog/muscle-growth-timeline-2026,sitemap|internal:https://jacked.coach/blog|internal:https://jacked.coach/blog/cold-water-immersion-muscle-growth-science-2026,200,,,https://jacked.coach/blog/muscle-growth-timeline-2026,"index, follow",,yes,The Muscle-Growth Timeline: From a Workout to Adaptation | Surpass,"Muscle growth is a repeated adaptation, not an instant post-workout event. Learn what acute MPS studies show and why the practical timeline is less…",1,The Muscle-Growth Timeline: From a Workout to Adaptation,923,article,SoftwareApplication|Organization|WebSite,yes,4,35,0,0,indexable,Improve,,audited,
https://jacked.coach/blog/omega-3-fatty-acids-muscle-growth-2026,sitemap|internal:https://jacked.coach/blog,200,,,https://jacked.coach/blog/omega-3-fatty-acids-muscle-growth-2026,"index, follow",,yes,"Omega-3s and Muscle Growth: Strength Signals, Not a Hypertrophy | Surpass","A small 2024 meta-analysis found a strength signal when omega-3 supplementation was combined with resistance training, but no significant muscle-mass effect.",1,"Omega-3s and Muscle Growth: Strength Signals, Not a Hypertrophy Shortcut",878,article,SoftwareApplication|Organization|WebSite,yes,4,35,0,0,indexable,Improve,,audited,
https://jacked.coach/blog/optimal-workout-duration-2026,sitemap|internal:https://jacked.coach/blog|internal:https://jacked.coach/blog/ai-fitness-programming-algorithms-2026|internal:https://jacked.coach/blog/concurrent-training-interference-effect-2026|internal:https://jacked.coach/blog/minimum-effective-dose-muscle-growth-2026,200,,,https://jacked.coach/blog/optimal-workout-duration-2026,"index, follow",,yes,How Long Should a Workout Last for Muscle Growth? | Surpass,"There is no universal hypertrophy session length; use weekly training dose, exercise quality, rest, schedule, and recovery to design a workout you can repeat.",1,How Long Should a Workout Last for Muscle Growth?,1221,article,SoftwareApplication|Organization|WebSite,yes,15,35,0,0,indexable,Improve,,audited,
https://jacked.coach/blog/pre-sleep-protein-casein-muscle-growth-2026,sitemap|internal:https://jacked.coach/blog|internal:https://jacked.coach/blog/epicatechin-cocoa-flavanol-muscle-growth,200,,,https://jacked.coach/blog/pre-sleep-protein-casein-muscle-growth-2026,"index, follow",,yes,Pre-Sleep Protein: What Casein Can—and Cannot—Add | Surpass,"Pre-sleep casein can raise overnight protein synthesis in some studies, but it is optional; total daily protein, calories, tolerance, and the full meal…",1,Pre-Sleep Protein: What Casein Can—and Cannot—Add,1053,article,SoftwareApplication|Organization|WebSite,yes,8,35,0,0,indexable,Improve,,audited,
https://jacked.coach/blog/pre-workout-protein-science-2026,sitemap|internal:https://jacked.coach/blog|internal:https://jacked.coach/blog/pre-sleep-protein-casein-muscle-growth-2026,200,,,https://jacked.coach/blog/pre-workout-protein-science-2026,"index, follow",,yes,Pre-Workout Protein and Muscle Growth: Timing in Context | Surpass,"Pre-workout protein can be convenient, but it is not mandatory; total daily intake, meal pattern, training, and the time since your last meal matter more…",1,Pre-Workout Protein and Muscle Growth: Timing in Context,1330,article,SoftwareApplication|Organization|WebSite,yes,7,35,0,0,indexable,Improve,,audited,
https://jacked.coach/blog/periodization-dup-vs-linear-2026,sitemap|internal:https://jacked.coach/blog|internal:https://jacked.coach/blog/creatine-loading-phase-necessary-research|internal:https://jacked.coach/blog/muscle-pump-myth-2026,200,,,https://jacked.coach/blog/periodization-dup-vs-linear-2026,"index, follow",,yes,Daily Undulating Periodization vs Linear Periodization | Surpass,"Which periodization model builds more muscle? We analyze the latest 2025 research comparing DUP, linear, and block periodization for hypertrophy.",1,Daily Undulating Periodization vs Linear Periodization: What the Science Says in 2026,1352,article,SoftwareApplication|Organization|WebSite,yes,7,34,0,0,indexable,Improve,,audited,
https://jacked.coach/blog/proximity-to-failure-hypertrophy-2026,sitemap|internal:https://jacked.coach/blog|internal:https://jacked.coach/blog/beta-alanine-strength-training-science-2026|internal:https://jacked.coach/blog/hypertrophy-training-myths-2026|internal:https://jacked.coach/blog/mike-mentzer-high-intensity-training-2026|internal:https://jacked.coach/blog/periodization-dup-vs-linear-2026,200,,,https://jacked.coach/blog/proximity-to-failure-hypertrophy-2026,"index, follow",,yes,Load and Proximity to Failure: How to Choose Effort for Hypertrophy | Surpass,"Low and high loads can both build muscle when training is hard enough, but the evidence does not identify one universal RIR target or make load irrelevant.",1,Load and Proximity to Failure: How to Choose Effort for Hypertrophy,971,article,SoftwareApplication|Organization|WebSite,yes,14,36,0,0,indexable,Improve,,audited,
https://jacked.coach/blog/resistance-training-mental-health-brain-aging-2026,sitemap|internal:https://jacked.coach/blog,200,,,https://jacked.coach/blog/resistance-training-mental-health-brain-aging-2026,"index, follow",,yes,Resistance Training and Mental Health: What the Evidence Supports | Surpass,"Resistance training may reduce depressive and anxiety symptoms for some people, but it is an adjunct—not a replacement for clinical care—and no lifting…",1,Resistance Training and Mental Health: What the Evidence Supports,1005,article,SoftwareApplication|Organization|WebSite,yes,5,35,0,0,indexable,Improve,,audited,
https://jacked.coach/blog/sarcoplasmic-vs-myofibrillar-hypertrophy-science-2026,sitemap|internal:https://jacked.coach/blog|internal:https://jacked.coach/blog/heat-training-muscle-growth-science-2026|internal:https://jacked.coach/blog/muscle-pump-myth-2026,200,,,https://jacked.coach/blog/sarcoplasmic-vs-myofibrillar-hypertrophy-science-2026,"index, follow",,yes,Sarcoplasmic vs Myofibrillar Hypertrophy: What the Evidence Shows | Surpass,"Muscle growth includes changes to contractile and non-contractile components, but current research does not support a simple heavy-for-myofibrils,…",1,Sarcoplasmic vs Myofibrillar Hypertrophy: What the Evidence Shows,985,article,SoftwareApplication|Organization|WebSite,yes,20,34,0,0,indexable,Improve,,audited,
https://jacked.coach/blog/sleep-growth-hormone-brain-circuits-2026,sitemap|internal:https://jacked.coach/blog,200,,,https://jacked.coach/blog/sleep-growth-hormone-brain-circuits-2026,"index, follow",,yes,"Sleep, Growth Hormone, and Muscle: What the Research Shows | Surpass","Sleep affects recovery and growth-hormone secretion, but a hormone pulse or a brain-circuit discovery is not the same as proof of extra muscle.",1,"Sleep, Growth Hormone, and Muscle: What the Research Shows",898,article,SoftwareApplication|Organization|WebSite,yes,3,34,0,0,indexable,Improve,,audited,
https://jacked.coach/blog/sleep-wearables-lifters-2026,sitemap|internal:https://jacked.coach/blog|internal:https://jacked.coach/blog/hrv-training-optimization-science-2026,200,,,https://jacked.coach/blog/sleep-wearables-lifters-2026,"index, follow",,yes,Sleep Wearables for Lifters: What the Data Can Actually Tell You | Surpass,"Sleep wearables can reveal trends in sleep duration and recovery context, but stage estimates and readiness scores are not diagnoses or direct measures…",1,Sleep Wearables for Lifters: What the Data Can Actually Tell You,1527,article,SoftwareApplication|Organization|WebSite,yes,8,35,0,0,indexable,Improve,,audited,
https://jacked.coach/blog/supersets-hypertrophy-science-2026,sitemap|internal:https://jacked.coach/blog|internal:https://jacked.coach/blog/exercise-snacking-muscle-science-2026|internal:https://jacked.coach/blog/muscle-pump-myth-2026,200,,,https://jacked.coach/blog/supersets-hypertrophy-science-2026,"index, follow",,yes,Supersets for Hypertrophy: Time Efficiency and Trade-Offs | Surpass,"Supersets can shorten resistance-training sessions, but pairings increase perceived effort and may reduce output on some heavy exercises.",1,Supersets for Hypertrophy: Time Efficiency and Trade-Offs,960,article,SoftwareApplication|Organization|WebSite,yes,5,36,0,0,indexable,Improve,,audited,
https://jacked.coach/blog/stanford-cartilage-regeneration-lifters-joints-2026,sitemap|internal:https://jacked.coach/blog,200,,,https://jacked.coach/blog/stanford-cartilage-regeneration-lifters-joints-2026,"index, follow",,yes,Cartilage Regeneration Research: What Lifters Should Know | Surpass,A Stanford-led study found cartilage-regeneration signals in mice and human tissue. Here is what it shows—and what it does not yet prove for people.,1,Cartilage Regeneration Research: What Lifters Should Know,1161,article,SoftwareApplication|Organization|WebSite,yes,1,34,0,0,indexable,Improve,,audited,
https://jacked.coach/blog/surpass-competitor-analysis-2026,sitemap|internal:https://jacked.coach/blog,200,,,https://jacked.coach/blog/surpass-competitor-analysis-2026,"index, follow",,yes,Surpass Competitor Analysis: The Complete Dossier | Surpass,"Deep dive into every major fitness app competitor — revenue, founders, marketing, and what Surpass can learn from each.",1,Surpass Competitor Analysis: The Complete Dossier,1766,article,SoftwareApplication|Organization|WebSite,yes,1,34,0,0,indexable,Improve,,audited,
https://jacked.coach/blog/tempo-training-hypertrophy-science-2026,sitemap|internal:https://jacked.coach/blog,200,,,https://jacked.coach/blog/tempo-training-hypertrophy-science-2026,"index, follow",,yes,Tempo Training and Hypertrophy: How Fast Should Reps Be? | Surpass,"Repetition speed changes the training stimulus, but the evidence does not require slow negatives or a single four-digit tempo for muscle growth.",1,Tempo Training and Hypertrophy: How Fast Should Reps Be?,850,article,SoftwareApplication|Organization|WebSite,yes,2,35,0,0,indexable,Improve,,audited,
https://jacked.coach/blog/testosterone-muscle-building-science-2026,sitemap|internal:https://jacked.coach/blog|internal:https://jacked.coach/blog/hgh-boosters-natural-compounds-lifters,200,,,https://jacked.coach/blog/testosterone-muscle-building-science-2026,"index, follow",,yes,Testosterone and Muscle Building: What Lifters Need to Know | Surpass,"Testosterone matters for muscle, but short-lived training spikes and over-the-counter boosters are not the same as treating a clinical deficiency.",1,Testosterone and Muscle Building: What Lifters Need to Know,1332,article,SoftwareApplication|Organization|WebSite,yes,9,34,0,0,indexable,Improve,,audited,
https://jacked.coach/blog/taurine-supplementation-fitness-performance-2026,sitemap|internal:https://jacked.coach/blog|internal:https://jacked.coach/blog/epicatechin-cocoa-flavanol-muscle-growth|internal:https://jacked.coach/blog/omega-3-fatty-acids-muscle-growth-2026,200,,,https://jacked.coach/blog/taurine-supplementation-fitness-performance-2026,"index, follow",,yes,Taurine and Exercise Performance: What the Evidence Actually Shows | Surpass,"A 2025 meta-analysis found a small average acute performance signal for taurine, but certainty was low to very low and evidence for muscle growth remains…",1,Taurine and Exercise Performance: What the Evidence Actually Shows,986,article,SoftwareApplication|Organization|WebSite,yes,4,35,0,0,indexable,Improve,,audited,
https://jacked.coach/blog/training-volume-sets-muscle-growth-2026,sitemap|internal:https://jacked.coach/blog|internal:https://jacked.coach/blog/daily-steps-muscle-growth-science-2026|internal:https://jacked.coach/blog/minimum-effective-dose-muscle-growth-2026|internal:https://jacked.coach/blog/optimal-workout-duration-2026,200,,,https://jacked.coach/blog/training-volume-sets-muscle-growth-2026,"index, follow",,yes,Training Volume for Muscle Growth: How to Choose Weekly Sets | Surpass,"More weekly resistance-training volume can support more hypertrophy with diminishing returns, but research does not identify one optimal set count for…",1,Training Volume for Muscle Growth: How to Choose Weekly Sets,1154,article,SoftwareApplication|Organization|WebSite,yes,21,35,0,0,indexable,Improve,,audited,
https://jacked.coach/blog/velocity-based-training-science-2026,sitemap|internal:https://jacked.coach/blog,200,,,https://jacked.coach/blog/velocity-based-training-science-2026,"index, follow",,yes,Velocity-Based Training: What the Measurement Can Add | Surpass,"Bar speed can help manage load and fatigue for some exercises, but velocity zones are device- and movement-specific and do not replace good programming…",1,Velocity-Based Training: What the Measurement Can Add,943,article,SoftwareApplication|Organization|WebSite,yes,2,34,0,0,indexable,Improve,,audited,
https://jacked.coach/blog/2025-muscle-building-research-smart-training,sitemap|internal:https://jacked.coach/blog|internal:https://jacked.coach/blog/hypertrophy-training-myths-2026|internal:https://jacked.coach/blog/training-volume-sets-muscle-growth-2026|internal:https://jacked.coach/blog/velocity-based-training-science-2026,200,,,https://jacked.coach/blog/2025-muscle-building-research-smart-training,"index, follow",,yes,Resistance-Training Evidence Roundup: What Recent Studies Actually Say | Surpass,"Recent resistance-training research refines how we think about volume, load, failure, periodization, and supplements.",1,Resistance-Training Evidence Roundup: What Recent Studies Actually Say,1010,article,SoftwareApplication|Organization|WebSite,yes,5,34,0,0,indexable,Improve,,audited,
https://jacked.coach/blog/air-pollution-muscle-building-outdoor-training,sitemap|internal:https://jacked.coach/blog|internal:https://jacked.coach/blog/ai-fitness-programming-algorithms-2026|internal:https://jacked.coach/blog/glp-1-muscle-preservation-science-2026|internal:https://jacked.coach/blog/surpass-competitor-analysis-2026,200,,,https://jacked.coach/blog/air-pollution-muscle-building-outdoor-training,"index, follow",,yes,Air Pollution and Outdoor Training: What Lifters Need to Know | Surpass,"Air pollution can change the respiratory cost of outdoor exercise. Learn how to use air-quality information, choose indoor alternatives, and avoid…",1,Air Pollution and Outdoor Training: What Lifters Need to Know,1238,article,SoftwareApplication|Organization|WebSite,yes,20,35,0,0,indexable,Improve,,audited,
https://jacked.coach/blog/alcohol-muscle-growth-mtor-pathway-science,sitemap|internal:https://jacked.coach/blog|internal:https://jacked.coach/blog/bpc-157-peptide-science-recovery-evidence|internal:https://jacked.coach/blog/testosterone-muscle-building-science-2026,200,,,https://jacked.coach/blog/alcohol-muscle-growth-mtor-pathway-science,"index, follow",,yes,Alcohol and Muscle Growth: What It Can Change | Surpass,"Alcohol can affect muscle-protein synthesis, sleep, hydration, and training consistency. The practical question is dose, timing, and what happens across…",1,Alcohol and Muscle Growth: What It Can Change,1137,article,SoftwareApplication|Organization|WebSite,yes,5,34,0,0,indexable,Improve,,audited,
https://jacked.coach/blog/apply-hypertrophy-research-training-practical-guide,sitemap|internal:https://jacked.coach/blog|internal:https://jacked.coach/blog/auto-progression-feature-muscle-growth|internal:https://jacked.coach/blog/hypertrophy-training-myths-2026,200,,,https://jacked.coach/blog/apply-hypertrophy-research-training-practical-guide,"index, follow",,yes,How to Apply Hypertrophy Research to Your Training | Surpass,"A practical framework for turning evidence on volume, load, effort, frequency, protein, and recovery into a training block you can actually evaluate.",1,How to Apply Hypertrophy Research to Your Training,1450,article,SoftwareApplication|Organization|WebSite,yes,7,35,0,0,indexable,Improve,,audited,
https://jacked.coach/blog/anabolic-window-myth-2025,sitemap|internal:https://jacked.coach/blog|internal:https://jacked.coach/blog/fasted-vs-fed-training-muscle-growth-2026|internal:https://jacked.coach/blog/pre-workout-protein-science-2026|internal:https://jacked.coach/blog/alcohol-muscle-growth-mtor-pathway-science,200,,,https://jacked.coach/blog/anabolic-window-myth-2025,"index, follow",,yes,The Anabolic Window: Protein Timing Without the Panic | Surpass,"What protein-timing research says about the post-workout window, daily intake, meal distribution, and the decisions that matter more.",1,The Anabolic Window: Protein Timing Without the Panic,1127,article,SoftwareApplication|Organization|WebSite,yes,6,34,0,0,indexable,Improve,,audited,
https://jacked.coach/blog/beetroot-juice-nitrates-muscle-performance,sitemap|internal:https://jacked.coach/blog,200,,,https://jacked.coach/blog/beetroot-juice-nitrates-muscle-performance,"index, follow",,yes,Beetroot Juice and Nitrates for Lifting: What the Evidence Shows | Surpass,"Dietary nitrate may help some high-intensity tasks, but a small bodybuilder trial does not prove a general strength, hypertrophy, or recovery effect.",1,Beetroot Juice and Nitrates for Lifting: What the Evidence Shows,1011,article,SoftwareApplication|Organization|WebSite,yes,10,35,0,0,indexable,Improve,,audited,
https://jacked.coach/blog/autoregulation-vs-traditional-training,sitemap|internal:https://jacked.coach/blog|internal:https://jacked.coach/blog/ai-fitness-programming-algorithms-2026|internal:https://jacked.coach/blog/autoprogression-science-2026|internal:https://jacked.coach/blog/hrv-training-optimization-science-2026,200,,,https://jacked.coach/blog/autoregulation-vs-traditional-training,"index, follow",,yes,Autoregulation Versus Fixed Loading: What the Evidence Says | Surpass,"Autoregulation can account for day-to-day performance changes, but network rankings do not prove that one method or app is best for every lifter.",1,Autoregulation Versus Fixed Loading: What the Evidence Says,1079,article,SoftwareApplication|Organization|WebSite,yes,14,35,0,0,indexable,Improve,,audited,
https://jacked.coach/blog/bench-press-grip-width-chest-science,sitemap|internal:https://jacked.coach/blog|internal:https://jacked.coach/blog/autoregulation-vs-traditional-training,200,,,https://jacked.coach/blog/bench-press-grip-width-chest-science,"index, follow",,yes,"Bench-Press Grip Width: Strength, Comfort, and Trade-offs | Surpass","Grip width changes range of motion, leverage, and shoulder loading. Here is what the biomechanics can tell you—and what it cannot prove about chest…",1,"Bench-Press Grip Width: Strength, Comfort, and Trade-offs",966,article,SoftwareApplication|Organization|WebSite,yes,9,35,0,0,indexable,Improve,,audited,
https://jacked.coach/blog/block-periodization-focused-training-phases,sitemap|internal:https://jacked.coach/blog,200,,,https://jacked.coach/blog/block-periodization-focused-training-phases,"index, follow",,yes,Block Periodization: When Focused Training Phases Make Sense | Surpass,"Block periodization can organise changing priorities across a training cycle, but it is one planning option—not a guarantee that strength and hypertrophy…",1,Block Periodization: When Focused Training Phases Make Sense,1060,article,SoftwareApplication|Organization|WebSite,yes,5,35,0,0,indexable,Improve,,audited,
https://jacked.coach/blog/blood-flow-restriction-training-science,sitemap|internal:https://jacked.coach/blog|internal:https://jacked.coach/blog/ashwagandha-strength-training-supplement-science-2026|internal:https://jacked.coach/blog/metabolic-stress-lactate-muscle-growth-2026|internal:https://jacked.coach/blog/resistance-training-mental-health-brain-aging-2026|internal:https://jacked.coach/blog/sarcoplasmic-vs-myofibrillar-hypertrophy-science-2026|internal:https://jacked.coach/blog/velocity-based-training-science-2026|internal:https://jacked.coach/blog/2025-muscle-building-research-smart-training|internal:https://jacked.coach/blog/beetroot-juice-nitrates-muscle-performance,200,,,https://jacked.coach/blog/blood-flow-restriction-training-science,"index, follow",,yes,Blood-Flow-Restriction Training: What Light-Load Research Shows | Surpass,"Blood-flow-restriction training can provide a low-load resistance option, but it is not a universal replacement for heavy training.",1,Blood-Flow-Restriction Training: What Light-Load Research Shows,1136,article,SoftwareApplication|Organization|WebSite,yes,19,35,0,0,indexable,Improve,,audited,
https://jacked.coach/blog/blood-pressure-resistance-training-lifting,sitemap|internal:https://jacked.coach/blog|internal:https://jacked.coach/blog/bpc-157-peptide-science-recovery-evidence|internal:https://jacked.coach/blog/alcohol-muscle-growth-mtor-pathway-science|internal:https://jacked.coach/blog/blood-flow-restriction-training-science,200,,,https://jacked.coach/blog/blood-pressure-resistance-training-lifting,"index, follow",,yes,Blood Pressure and Resistance Training: A Safer Practical Guide | Surpass,"How blood pressure responds during and after lifting, what regular resistance training may improve, and when medical advice should come first.",1,Blood Pressure and Resistance Training: A Safer Practical Guide,1097,article,SoftwareApplication|Organization|WebSite,yes,6,34,0,0,indexable,Improve,,audited,
https://jacked.coach/blog/bodyweight-training-muscle-building-science,sitemap|internal:https://jacked.coach/blog|internal:https://jacked.coach/blog/complete-guide-muscle-building-2026,200,,,https://jacked.coach/blog/bodyweight-training-muscle-building-science,"index, follow",,yes,Can You Build Muscle Without Weights? A Practical Guide | Surpass,"Bodyweight training can build muscle when the exercise is challenging, the range of motion is repeatable, and the plan progresses as you adapt.",1,Can You Build Muscle Without Weights? A Practical Guide,1258,article,SoftwareApplication|Organization|WebSite,yes,6,34,0,0,indexable,Improve,,audited,
https://jacked.coach/blog/blood-glucose-monitoring-lifters-cgm-muscle-building,sitemap|internal:https://jacked.coach/blog|internal:https://jacked.coach/blog/blood-biomarkers-lifters-guide-2026|internal:https://jacked.coach/blog/sleep-wearables-lifters-2026,200,,,https://jacked.coach/blog/blood-glucose-monitoring-lifters-cgm-muscle-building,"index, follow",,yes,Continuous Glucose Monitors for Lifters: What They Can Tell You | Surpass,"CGMs measure interstitial glucose, not muscle glycogen or readiness. Learn where the data may help, where evidence is sparse, and why healthy lifters…",1,Continuous Glucose Monitors for Lifters: What They Can Tell You,1027,article,SoftwareApplication|Organization|WebSite,yes,11,35,0,0,indexable,Improve,,audited,
https://jacked.coach/blog/body-recomposition-science-lose-fat-gain-muscle,sitemap|internal:https://jacked.coach/blog|internal:https://jacked.coach/blog/body-types-science-fitness-2026|internal:https://jacked.coach/blog/complete-guide-muscle-building-2026|internal:https://jacked.coach/blog/glp-1-muscle-preservation-science-2026|internal:https://jacked.coach/blog/hmb-supplementation-muscle-building-2026|internal:https://jacked.coach/blog/intermittent-fasting-muscle-building-research-2026,200,,,https://jacked.coach/blog/body-recomposition-science-lose-fat-gain-muscle,"index, follow",,yes,Body Recomposition: Losing Fat While Building or Preserving Muscle | Surpass,"What body recomposition can realistically mean, who is most likely to see it, and how to combine resistance training, protein, and a manageable calorie deficit.",1,Body Recomposition: Losing Fat While Building or Preserving Muscle,1260,article,SoftwareApplication|Organization|WebSite,yes,9,35,0,0,indexable,Improve,,audited,
https://jacked.coach/blog/bone-density-resistance-training-science,sitemap|internal:https://jacked.coach/blog|internal:https://jacked.coach/blog/vitamin-d-supplementation-strength-athletes|internal:https://jacked.coach/blog/vitamin-k2-strength-athletes-bone-health|internal:https://jacked.coach/blog/resistance-training-mental-health-brain-aging-2026,200,,,https://jacked.coach/blog/bone-density-resistance-training-science,"index, follow",,yes,Resistance Training and Bone Density: What the Evidence Supports | Surpass,"How resistance and weight-bearing exercise can support bone health, why there is no universal optimal programme, and when low bone density needs clinical…",1,Resistance Training and Bone Density: What the Evidence Supports,1018,article,SoftwareApplication|Organization|WebSite,yes,9,35,0,0,indexable,Improve,,audited,
https://jacked.coach/blog/bracing-intra-abdominal-pressure-strength-science,sitemap|internal:https://jacked.coach/blog|internal:https://jacked.coach/blog/surpass-competitor-analysis-2026,200,,,https://jacked.coach/blog/bracing-intra-abdominal-pressure-strength-science,"index, follow",,yes,Bracing and Intra-Abdominal Pressure for Strength Training | Surpass,"Learn what bracing and intra-abdominal pressure can contribute to lifting technique, how they differ from hollowing, and why they are not guarantees…",1,Bracing and Intra-Abdominal Pressure for Strength Training,1328,article,SoftwareApplication|Organization|WebSite,yes,8,35,0,0,indexable,Improve,,audited,
https://jacked.coach/blog/calf-muscle-hypertrophy-training-science,sitemap|internal:https://jacked.coach/blog|internal:https://jacked.coach/blog/minimum-effective-dose-muscle-growth-2026|internal:https://jacked.coach/blog/muscle-growth-timeline-2026|internal:https://jacked.coach/blog/sleep-growth-hormone-brain-circuits-2026|internal:https://jacked.coach/blog/stanford-cartilage-regeneration-lifters-joints-2026,200,,,https://jacked.coach/blog/calf-muscle-hypertrophy-training-science,"index, follow",,yes,Calf Muscle Growth: What Volume Research Actually Shows | Surpass,"Calves can be stubborn, but one study does not establish a universal set target. Use full-range, repeatable work and progress the dose from your response.",1,Calf Muscle Growth: What Volume Research Actually Shows,1082,article,SoftwareApplication|Organization|WebSite,yes,11,34,0,0,indexable,Improve,,audited,
https://jacked.coach/blog/building-muscle-budget-protein-sources,sitemap|internal:https://jacked.coach/blog,200,,,https://jacked.coach/blog/building-muscle-budget-protein-sources,"index, follow",,yes,Building Muscle on a Budget: The Science of Cheap Protein Sources | Surpass,"Affordable foods can make a high-protein diet easier, but prices, portions, food quality, and health needs vary.",1,Building Muscle on a Budget: The Science of Cheap Protein Sources,1493,article,SoftwareApplication|Organization|WebSite,yes,2,34,0,0,indexable,Improve,,audited,
https://jacked.coach/blog/breathing-techniques-strength-training-science,sitemap|internal:https://jacked.coach/blog|internal:https://jacked.coach/blog/mike-mentzer-heavy-duty-training-science-2026|internal:https://jacked.coach/blog/bracing-intra-abdominal-pressure-strength-science,200,,,https://jacked.coach/blog/breathing-techniques-strength-training-science,"index, follow",,yes,Breathing Techniques for Heavy Lifts: A Practical Evidence Guide | Surpass,"How to choose breath timing for heavy, moderate, and high-repetition lifting—what bracing can help with, and when breath-holding deserves caution.",1,Breathing Techniques for Heavy Lifts: A Practical Evidence Guide,1299,article,SoftwareApplication|Organization|WebSite,yes,5,35,0,0,indexable,Improve,,audited,
https://jacked.coach/blog/carbohydrates-muscle-growth-science,sitemap|internal:https://jacked.coach/blog|internal:https://jacked.coach/blog/fasted-vs-fed-training-muscle-growth-2026|internal:https://jacked.coach/blog/keto-diet-strength-training-muscle-building-2026|internal:https://jacked.coach/blog/anabolic-window-myth-2025|internal:https://jacked.coach/blog/blood-glucose-monitoring-lifters-cgm-muscle-building,200,,,https://jacked.coach/blog/carbohydrates-muscle-growth-science,"index, follow",,yes,"Carbohydrates for Muscle Growth: Glycogen, Performance, and | Surpass","How carbohydrates support training quality and glycogen restoration, when timing helps, and why there is no universal carb target for every lifter.",1,"Carbohydrates for Muscle Growth: Glycogen, Performance, and Practical Intake",1209,article,SoftwareApplication|Organization|WebSite,yes,9,34,0,0,indexable,Improve,,audited,
https://jacked.coach/blog/cardio-strength-athletes-science,sitemap|internal:https://jacked.coach/blog|internal:https://jacked.coach/blog/concurrent-training-interference-effect-2026|internal:https://jacked.coach/blog/daily-steps-muscle-growth-science-2026|internal:https://jacked.coach/blog/keto-diet-strength-training-muscle-building-2026,200,,,https://jacked.coach/blog/cardio-strength-athletes-science,"index, follow",,yes,Cardio for Strength Athletes: Concurrent Training Without the Hype | Surpass,"Aerobic work can support health and work capacity, while very high or poorly timed endurance volume can compete with strength training.",1,Cardio for Strength Athletes: Concurrent Training Without the Hype,976,article,SoftwareApplication|Organization|WebSite,yes,9,35,0,0,indexable,Improve,,audited,
https://jacked.coach/blog/chronotype-training-optimization,sitemap|internal:https://jacked.coach/blog|internal:https://jacked.coach/blog/why-workout-apps-dont-work|internal:https://jacked.coach/blog/autoregulation-vs-traditional-training,200,,,https://jacked.coach/blog/chronotype-training-optimization,"index, follow",,yes,Chronotype and Training Time: How Much Does It Matter? | Surpass,"Morningness and eveningness can affect how a session feels, but the evidence does not identify a universal best workout time or a fixed performance bonus.",1,Chronotype and Training Time: How Much Does It Matter?,867,article,SoftwareApplication|Organization|WebSite,yes,10,35,0,0,indexable,Improve,,audited,
https://jacked.coach/blog/circadian-rhythm-training-time-muscle-growth,sitemap|internal:https://jacked.coach/blog|internal:https://jacked.coach/blog/cluster-sets-hypertrophy-2026|internal:https://jacked.coach/blog/proximity-to-failure-hypertrophy-2026|internal:https://jacked.coach/blog/chronotype-training-optimization,200,,,https://jacked.coach/blog/circadian-rhythm-training-time-muscle-growth,"index, follow",,yes,"Training Time of Day: Circadian Rhythms, Strength, and Muscle Growth | Surpass","Strength expression can vary by time of day, but current evidence does not identify one universal training window or prove that evening workouts build…",1,"Training Time of Day: Circadian Rhythms, Strength, and Muscle Growth",851,article,SoftwareApplication|Organization|WebSite,yes,6,35,0,0,indexable,Improve,,audited,
https://jacked.coach/blog/circadian-training-timing-muscle-growth,sitemap|internal:https://jacked.coach/blog|internal:https://jacked.coach/blog/beta-alanine-strength-training-science-2026|internal:https://jacked.coach/blog/eccentric-overload-training-muscle-growth-2026|internal:https://jacked.coach/blog/keto-diet-strength-training-muscle-building-2026|internal:https://jacked.coach/blog/tempo-training-hypertrophy-science-2026|internal:https://jacked.coach/blog/chronotype-training-optimization|internal:https://jacked.coach/blog/circadian-rhythm-training-time-muscle-growth,200,,,https://jacked.coach/blog/circadian-training-timing-muscle-growth,"index, follow",,yes,Morning or Evening Training: Does Timing Affect Muscle Growth? | Surpass,"Time of day changes acute performance for some people, but current evidence does not show a universal morning or evening hypertrophy advantage.",1,Morning or Evening Training: Does Timing Affect Muscle Growth?,922,article,SoftwareApplication|Organization|WebSite,yes,16,35,0,0,indexable,Improve,,audited,
https://jacked.coach/blog/co2-tolerance-training-strength-lifts,sitemap|internal:https://jacked.coach/blog|internal:https://jacked.coach/blog/training-volume-sets-muscle-growth-2026|internal:https://jacked.coach/blog/air-pollution-muscle-building-outdoor-training|internal:https://jacked.coach/blog/bracing-intra-abdominal-pressure-strength-science|internal:https://jacked.coach/blog/breathing-techniques-strength-training-science,200,,,https://jacked.coach/blog/co2-tolerance-training-strength-lifts,"index, follow",,yes,CO2 Tolerance and Strength Training: What Breathing Practice Can Do | Surpass,"CO2 tolerance is often sold as a shortcut to stronger lifts. Here is what respiratory-muscle research supports, what remains untested in lifters, and how…",1,CO2 Tolerance and Strength Training: What Breathing Practice Can Do,1320,article,SoftwareApplication|Organization|WebSite,yes,13,35,0,0,indexable,Improve,,audited,
https://jacked.coach/blog/cortisol-muscle-growth-stress-hormone,sitemap|internal:https://jacked.coach/blog|internal:https://jacked.coach/blog/epicatechin-cocoa-flavanol-muscle-growth|internal:https://jacked.coach/blog/hgh-boosters-natural-compounds-lifters|internal:https://jacked.coach/blog/ashwagandha-strength-training-supplement-science-2026|internal:https://jacked.coach/blog/blood-biomarkers-lifters-guide-2026|internal:https://jacked.coach/blog/exerkines-muscle-signaling-molecules-2026|internal:https://jacked.coach/blog/glp-1-muscle-preservation-science-2026|internal:https://jacked.coach/blog/heat-training-muscle-growth-science-2026|internal:https://jacked.coach/blog/hrv-training-optimization-science-2026|internal:https://jacked.coach/blog/muscle-damage-doms-hypertrophy-science-2026|internal:https://jacked.coach/blog/sleep-growth-hormone-brain-circuits-2026|internal:https://jacked.coach/blog/sleep-wearables-lifters-2026|internal:https://jacked.coach/blog/air-pollution-muscle-building-outdoor-training|internal:https://jacked.coach/blog/blood-glucose-monitoring-lifters-cgm-muscle-building,200,,,https://jacked.coach/blog/cortisol-muscle-growth-stress-hormone,"index, follow",,yes,"Cortisol, Stress, and Muscle Growth: What Lifters Should Know | Surpass","Cortisol is a normal, context-sensitive hormone—not a standalone muscle-loss score. Learn what training, sleep, symptoms, and clinical testing can…",1,"Cortisol, Stress, and Muscle Growth: What Lifters Should Know",987,article,SoftwareApplication|Organization|WebSite,yes,25,35,0,0,indexable,Improve,,audited,
https://jacked.coach/blog/compound-vs-isolation-hypertrophy-science,sitemap|internal:https://jacked.coach/blog,200,,,https://jacked.coach/blog/compound-vs-isolation-hypertrophy-science,"index, follow",,yes,Compound vs Isolation Exercises for Hypertrophy: How to Choose | Surpass,"Compound and isolation exercises can both build muscle. The better choice depends on the target muscle, task, fatigue, equipment, and progression—not the…",1,Compound vs Isolation Exercises for Hypertrophy: How to Choose,1021,article,SoftwareApplication|Organization|WebSite,yes,9,34,0,0,indexable,Improve,,audited,
https://jacked.coach/blog/collagen-peptides-muscle-tendon-stiffness-2025,sitemap|internal:https://jacked.coach/blog|internal:https://jacked.coach/blog/velocity-based-training-science-2026,200,,,https://jacked.coach/blog/collagen-peptides-muscle-tendon-stiffness-2025,"index, follow",,yes,Collagen Peptides for Tendons: What the Evidence Shows | Surpass,"Collagen peptides may affect some connective-tissue outcomes, but evidence is mixed and a supplement cannot replace progressive loading or clinical…",1,Collagen Peptides for Tendons: What the Evidence Shows,1090,article,SoftwareApplication|Organization|WebSite,yes,6,35,0,0,indexable,Improve,,audited,
https://jacked.coach/blog/daily-readiness-training-wearable-data,sitemap|internal:https://jacked.coach/blog|internal:https://jacked.coach/blog/autoprogression-science-2026|internal:https://jacked.coach/blog/daily-steps-muscle-growth-science-2026|internal:https://jacked.coach/blog/hrv-training-optimization-science-2026|internal:https://jacked.coach/blog/sleep-wearables-lifters-2026|internal:https://jacked.coach/blog/carbohydrates-muscle-growth-science,200,,,https://jacked.coach/blog/daily-readiness-training-wearable-data,"index, follow",,yes,Daily Readiness Training: How to Use Wearable Data Without Overfitting | Surpass,"Wearable data can help you adjust a session when it agrees with sleep, symptoms, effort, and performance; it cannot set universal load cuts or guarantee…",1,Daily Readiness Training: How to Use Wearable Data Without Overfitting,1356,article,SoftwareApplication|Organization|WebSite,yes,21,35,0,0,indexable,Improve,,audited,
https://jacked.coach/blog/deload-weeks-muscle-science,sitemap|internal:https://jacked.coach/blog|internal:https://jacked.coach/blog/surpass-competitor-analysis-2026|internal:https://jacked.coach/blog/velocity-based-training-science-2026|internal:https://jacked.coach/blog/block-periodization-focused-training-phases|internal:https://jacked.coach/blog/blood-flow-restriction-training-science|internal:https://jacked.coach/blog/bracing-intra-abdominal-pressure-strength-science,200,,,https://jacked.coach/blog/deload-weeks-muscle-science,"index, follow",,yes,Deload Weeks: When Reduced Training May Help | Surpass,"A deload is a short reduction in training stress, not a mandatory calendar ritual. Learn what the limited research shows and how to choose a deload from…",1,Deload Weeks: When Reduced Training May Help,1076,article,SoftwareApplication|Organization|WebSite,yes,13,35,0,0,indexable,Improve,,audited,
https://jacked.coach/blog/dynamic-warm-up-strength-training-science,sitemap|internal:https://jacked.coach/blog|internal:https://jacked.coach/blog/tempo-training-hypertrophy-science-2026|internal:https://jacked.coach/blog/bench-press-grip-width-chest-science|internal:https://jacked.coach/blog/bracing-intra-abdominal-pressure-strength-science,200,,,https://jacked.coach/blog/dynamic-warm-up-strength-training-science,"index, follow",,yes,Dynamic Warm-Ups for Strength Training: What They Can Do | Surpass,"A warm-up should prepare the movement and the person, not promise a fixed injury reduction. Learn how dynamic movement, practice sets, and static…",1,Dynamic Warm-Ups for Strength Training: What They Can Do,1018,article,SoftwareApplication|Organization|WebSite,yes,8,35,0,0,indexable,Improve,,audited,
https://jacked.coach/blog/effective-training-volume-quality-not-quantity,sitemap|internal:https://jacked.coach/blog,200,,,https://jacked.coach/blog/effective-training-volume-quality-not-quantity,"index, follow",,yes,Why Not All Sets Are Equal: The Science of Effective Training Volume | Surpass,"How set quality, proximity to failure, weekly volume, and recovery interact—and why there is no universal number of ‘effective’ sets for every lifter.",1,Why Not All Sets Are Equal: The Science of Effective Training Volume,1218,article,SoftwareApplication|Organization|WebSite,yes,5,34,0,0,indexable,Improve,,audited,
https://jacked.coach/blog/drop-sets-intensity-techniques-science,sitemap|internal:https://jacked.coach/blog|internal:https://jacked.coach/blog/cluster-sets-hypertrophy-2026|internal:https://jacked.coach/blog/mike-mentzer-high-intensity-training-2026|internal:https://jacked.coach/blog/supersets-hypertrophy-science-2026|internal:https://jacked.coach/blog/bracing-intra-abdominal-pressure-strength-science,200,,,https://jacked.coach/blog/drop-sets-intensity-techniques-science,"index, follow",,yes,Drop Sets and Intensity Techniques: What They Add | Surpass,"Drop sets can make a session time-efficient, but they are not a guaranteed hypertrophy upgrade. Learn what the evidence says about stimulus, fatigue, and…",1,Drop Sets and Intensity Techniques: What They Add,1014,article,SoftwareApplication|Organization|WebSite,yes,9,35,0,0,indexable,Improve,,audited,
https://jacked.coach/blog/electrical-muscle-stimulation-ems-training-hypertrophy,sitemap|internal:https://jacked.coach/blog|internal:https://jacked.coach/blog/glp-1-muscle-preservation-science-2026|internal:https://jacked.coach/blog/omega-3-fatty-acids-muscle-growth-2026,200,,,https://jacked.coach/blog/electrical-muscle-stimulation-ems-training-hypertrophy,"index, follow",,yes,Electrical Muscle Stimulation for Hypertrophy | Surpass,"Electrical stimulation can support selected rehabilitation or training contexts, but it is not a replacement for voluntary resistance training or a…",1,Electrical Muscle Stimulation for Hypertrophy: What It Can and Cannot Do,1022,article,SoftwareApplication|Organization|WebSite,yes,13,35,0,0,indexable,Improve,,audited,
https://jacked.coach/blog/estrogen-muscle-building-hormone-science,sitemap|internal:https://jacked.coach/blog,200,,,https://jacked.coach/blog/estrogen-muscle-building-hormone-science,"index, follow",,yes,Estrogen and Muscle: What Lifters Can Actually Conclude | Surpass,"Estrogen affects skeletal muscle, bone, and health, but current evidence does not justify cycle-syncing rules, fixed body-fat targets, or self-directed…",1,Estrogen and Muscle: What Lifters Can Actually Conclude,1051,article,SoftwareApplication|Organization|WebSite,yes,5,35,0,0,indexable,Improve,,audited,
https://jacked.coach/blog/exercise-order-pre-exhaustion-science,sitemap|internal:https://jacked.coach/blog|internal:https://jacked.coach/blog/drop-sets-intensity-techniques-science,200,,,https://jacked.coach/blog/exercise-order-pre-exhaustion-science,"index, follow",,yes,Pre-Exhaustion and Exercise Order: What the Evidence Supports | Surpass,"Pre-exhaustion can change fatigue and exercise performance, but it has not been shown to be a universal hypertrophy upgrade over ordinary exercise order.",1,Pre-Exhaustion and Exercise Order: What the Evidence Supports,985,article,SoftwareApplication|Organization|WebSite,yes,3,34,0,0,indexable,Improve,,audited,
https://jacked.coach/blog/exercise-order-hypertrophy-programming,sitemap|internal:https://jacked.coach/blog|internal:https://jacked.coach/blog/compound-vs-isolation-hypertrophy-science|internal:https://jacked.coach/blog/exercise-order-pre-exhaustion-science,200,,,https://jacked.coach/blog/exercise-order-hypertrophy-programming,"index, follow",,yes,Exercise Order: The Programming Variable Nobody Talks About | Surpass,"How exercise order affects the performance you can give each movement, and how to arrange a session around your main strength, hypertrophy, or weak-point goal.",1,Exercise Order: The Programming Variable Nobody Talks About,1340,article,SoftwareApplication|Organization|WebSite,yes,6,34,0,0,indexable,Improve,,audited,
https://jacked.coach/blog/exercise-biomechanics-grip-stance-leverage,sitemap|internal:https://jacked.coach/blog|internal:https://jacked.coach/blog/ai-fitness-programming-algorithms-2026|internal:https://jacked.coach/blog/bench-press-grip-width-chest-science,200,,,https://jacked.coach/blog/exercise-biomechanics-grip-stance-leverage,"index, follow",,yes,"Exercise Biomechanics: Grip, Stance, Leverage, and Muscle Demand | Surpass","Grip width, stance, range of motion, and limb proportions change exercise demands. Learn how to use biomechanics without turning EMG averages into…",1,"Exercise Biomechanics: Grip, Stance, Leverage, and Muscle Demand",1281,article,SoftwareApplication|Organization|WebSite,yes,13,35,0,0,indexable,Improve,,audited,
https://jacked.coach/blog/exercise-variation-muscle-growth-rotation,sitemap|internal:https://jacked.coach/blog|internal:https://jacked.coach/blog/workout-app-not-building-muscle|internal:https://jacked.coach/blog/exercise-order-pre-exhaustion-science,200,,,https://jacked.coach/blog/exercise-variation-muscle-growth-rotation,"index, follow",,yes,Exercise Variation and Muscle Growth: When to Change a Lift | Surpass,"Exercise rotation can help cover a muscle through different positions, but constant novelty can make progression harder to judge.",1,Exercise Variation and Muscle Growth: When to Change a Lift,1137,article,SoftwareApplication|Organization|WebSite,yes,7,34,0,0,indexable,Improve,,audited,
https://jacked.coach/blog/fasted-vs-fed-training-2025-research,sitemap|internal:https://jacked.coach/blog|internal:https://jacked.coach/blog/fasted-vs-fed-training-muscle-growth-2026|internal:https://jacked.coach/blog/intermittent-fasting-muscle-building-research-2026,200,,,https://jacked.coach/blog/fasted-vs-fed-training-2025-research,"index, follow",,yes,Fasted vs Fed Training: What the 2025 Meta-Analysis Found | Surpass,"The 2025 evidence compares overnight-fasted and fed resistance training, with no clear hypertrophy or strength advantage and important limits to the…",1,Fasted vs Fed Training: What the 2025 Meta-Analysis Found,1170,article,SoftwareApplication|Organization|WebSite,yes,3,34,0,0,indexable,Improve,,audited,
https://jacked.coach/blog/foam-rolling-recovery-science-2025,sitemap|internal:https://jacked.coach/blog|internal:https://jacked.coach/blog/auto-progression-feature-muscle-growth|internal:https://jacked.coach/blog/heat-shock-proteins-muscle-growth-2026|internal:https://jacked.coach/blog/muscle-damage-doms-hypertrophy-science-2026,200,,,https://jacked.coach/blog/foam-rolling-recovery-science-2025,"index, follow",,yes,Foam Rolling for Recovery: What the Evidence Supports | Surpass,"Foam rolling can be a useful short-term mobility or comfort tool, but it is not a proven muscle-building intervention or a replacement for training and sleep.",1,Foam Rolling for Recovery: What the Evidence Supports,1032,article,SoftwareApplication|Organization|WebSite,yes,11,34,0,0,indexable,Improve,,audited,
https://jacked.coach/blog/glycine-supplementation-lifters-science,sitemap|internal:https://jacked.coach/blog,200,,,https://jacked.coach/blog/glycine-supplementation-lifters-science,"index, follow",,yes,"Glycine for Lifters: Sleep, Collagen Biology, and Evidence Limits | Surpass","Glycine has plausible roles in sleep and collagen metabolism, but direct evidence for better strength, hypertrophy, or tendon healing in lifters is limited.",1,"Glycine for Lifters: Sleep, Collagen Biology, and Evidence Limits",973,article,SoftwareApplication|Organization|WebSite,yes,1,35,0,0,indexable,Improve,,audited,
https://jacked.coach/blog/gut-muscle-axis-microbiome-muscle-building,sitemap|internal:https://jacked.coach/blog|internal:https://jacked.coach/blog/glp-1-muscle-preservation-science-2026,200,,,https://jacked.coach/blog/gut-muscle-axis-microbiome-muscle-building,"index, follow",,yes,The Gut-Muscle Axis: What Microbiome Research Can—and Cannot—Tell | Surpass,"The gut and muscle communicate through metabolism and immune signals, but probiotic studies remain small and mixed; learn what is practical now and what…",1,The Gut-Muscle Axis: What Microbiome Research Can—and Cannot—Tell Lifters,1108,article,SoftwareApplication|Organization|WebSite,yes,3,35,0,0,indexable,Improve,,audited,
https://jacked.coach/blog/forearm-hypertrophy-training-science,sitemap|internal:https://jacked.coach/blog,200,,,https://jacked.coach/blog/forearm-hypertrophy-training-science,"index, follow",,yes,The Science of Forearm Hypertrophy: What Actually Works | Surpass,"Build a forearm plan around grip demands, wrist and elbow positions, direct work, and recoverable progression rather than assuming every row trains the…",1,The Science of Forearm Hypertrophy: What Actually Works,1424,article,SoftwareApplication|Organization|WebSite,yes,3,34,0,0,indexable,Improve,,audited,
https://jacked.coach/blog/how-to-progress-gym-framework,sitemap|internal:https://jacked.coach/blog|internal:https://jacked.coach/blog/progressive-overload-muscle-building,200,,,https://jacked.coach/blog/how-to-progress-gym-framework,"index, follow",,yes,How to Progress in the Gym: A Science-Based Framework | Surpass,Progressive overload is the foundation of muscle growth. Here&#x27;s how to actually implement it — from beginner to advanced.,1,How to Progress in the Gym: A Science-Based Framework,958,article,SoftwareApplication|Organization|WebSite,yes,11,37,0,0,indexable,Improve,,audited,
https://jacked.coach/blog/gym-gloves-vs-bare-hand-forearm-science,sitemap|internal:https://jacked.coach/blog|internal:https://jacked.coach/blog/epicatechin-cocoa-flavanol-muscle-growth|internal:https://jacked.coach/blog/grip-strength-longevity-muscle-building-2026|internal:https://jacked.coach/blog/bench-press-grip-width-chest-science|internal:https://jacked.coach/blog/forearm-hypertrophy-training-science,200,,,https://jacked.coach/blog/gym-gloves-vs-bare-hand-forearm-science,"index, follow",,yes,Gym Gloves vs Bare Hands: What the Science Says About Grip and | Surpass,"Do lifting gloves help or hinder your forearm development? The science reveals surprising answers about grip strength, muscle activation, and what…",1,Gym Gloves vs Bare Hands: What the Science Says About Grip and Forearm Growth,1249,article,SoftwareApplication|Organization|WebSite,yes,11,34,0,0,indexable,Improve,,audited,
https://jacked.coach/blog/hydration-electrolytes-muscle-building-science,sitemap|internal:https://jacked.coach/blog|internal:https://jacked.coach/blog/creatine-loading-phase-necessary-research|internal:https://jacked.coach/blog/building-muscle-budget-protein-sources|internal:https://jacked.coach/blog/exercise-order-hypertrophy-programming,200,,,https://jacked.coach/blog/hydration-electrolytes-muscle-building-science,"index, follow",,yes,Hydration and Electrolytes for Lifters | Surpass,"Hydration supports exercise performance and temperature control, but more water or electrolytes is not automatically better; build your plan around…",1,Hydration and Electrolytes for Lifters: A Practical Evidence-Based Guide,1425,article,SoftwareApplication|Organization|WebSite,yes,9,35,0,0,indexable,Improve,,audited,
https://jacked.coach/blog/hypertrophy-training-muscle-oxidative-capacity-endurance,sitemap|internal:https://jacked.coach/blog|internal:https://jacked.coach/blog/eccentric-overload-training-muscle-growth-2026|internal:https://jacked.coach/blog/cardio-strength-athletes-science|internal:https://jacked.coach/blog/foam-rolling-recovery-science-2025,200,,,https://jacked.coach/blog/hypertrophy-training-muscle-oxidative-capacity-endurance,"index, follow",,yes,Hypertrophy Training and Muscle Oxidative Capacity | Surpass,"Moderate- and high-repetition resistance training can affect more than muscle size, but an acute or short-term oxidative-capacity finding is not a…",1,Hypertrophy Training and Muscle Oxidative Capacity: What High-Repetition Work Adds,964,article,SoftwareApplication|Organization|WebSite,yes,8,34,0,0,indexable,Improve,,audited,
https://jacked.coach/blog/inter-set-stretching-muscle-growth-science,sitemap|internal:https://jacked.coach/blog|internal:https://jacked.coach/blog/auto-progression-feature-muscle-growth|internal:https://jacked.coach/blog/eccentric-overload-training-muscle-growth-2026,200,,,https://jacked.coach/blog/inter-set-stretching-muscle-growth-science,"index, follow",,yes,Inter-Set Stretching for Muscle Growth: What We Know | Surpass,"Stretching between sets may improve flexibility, but current research does not establish a reliable hypertrophy advantage or a need to avoid it.",1,Inter-Set Stretching for Muscle Growth: What We Know,1184,article,SoftwareApplication|Organization|WebSite,yes,5,34,0,0,indexable,Improve,,audited,
https://jacked.coach/blog/influencer-training-programs-science-analysis,sitemap|internal:https://jacked.coach/blog|internal:https://jacked.coach/blog/jeff-nippard-muscle-lab-fitness-research-facility-2026|internal:https://jacked.coach/blog/mike-mentzer-high-intensity-training-2026,200,,,https://jacked.coach/blog/influencer-training-programs-science-analysis,"index, follow",,yes,Influencer Training Programs: How to Read the Claims | Surpass,"Jeff Nippard, Mike Mentzer, and other fitness educators offer different frameworks. Here is how to compare their claims with resistance-training evidence…",1,Influencer Training Programs: How to Read the Claims,1203,article,SoftwareApplication|Organization|WebSite,yes,7,34,0,0,indexable,Improve,,audited,
https://jacked.coach/blog/insulin-muscle-building-science,sitemap|internal:https://jacked.coach/blog|internal:https://jacked.coach/blog/pre-sleep-protein-casein-muscle-growth-2026|internal:https://jacked.coach/blog/testosterone-muscle-building-science-2026,200,,,https://jacked.coach/blog/insulin-muscle-building-science,"index, follow",,yes,Insulin and Muscle Building: What Lifters Need to Know | Surpass,"Insulin helps regulate fuel use and protein breakdown, but chasing an insulin spike is not a hypertrophy strategy; protein, training, energy, and…",1,Insulin and Muscle Building: What Lifters Need to Know,1357,article,SoftwareApplication|Organization|WebSite,yes,8,36,0,0,indexable,Improve,,audited,
https://jacked.coach/blog/ischemic-preconditioning-strength-lifts-blood-flow,sitemap|internal:https://jacked.coach/blog,200,,,https://jacked.coach/blog/ischemic-preconditioning-strength-lifts-blood-flow,"index, follow",,yes,Ischemic Preconditioning for Lifting | Surpass,Ischemic preconditioning has mixed acute resistance-exercise evidence and real safety considerations; it is not a proven hypertrophy tool or a DIY cuff…,1,"Ischemic Preconditioning for Lifting: An Acute Experiment, Not a Blood-Flow Hack",977,article,SoftwareApplication|Organization|WebSite,yes,1,35,0,0,indexable,Improve,,audited,
https://jacked.coach/blog/isometric-training-muscle-growth-science,sitemap|internal:https://jacked.coach/blog,200,,,https://jacked.coach/blog/isometric-training-muscle-growth-science,"index, follow",,yes,"Isometric Training for Strength, Muscle, and Tendons | Surpass","Isometric holds can train force at a joint angle and may support muscle or tendon adaptation, but they are specific tools rather than a complete…",1,"Isometric Training for Strength, Muscle, and Tendons",959,article,SoftwareApplication|Organization|WebSite,yes,8,35,0,0,indexable,Improve,,audited,
https://jacked.coach/blog/isometric-training-tendon-strength-muscle,sitemap|internal:https://jacked.coach/blog|internal:https://jacked.coach/blog/isometric-training-muscle-growth-science,200,,,https://jacked.coach/blog/isometric-training-tendon-strength-muscle,"index, follow",,yes,Isometric Training for Strength and Tendon Loading | Surpass,"Static contractions can train force at a chosen joint angle and may be useful in some tendon programmes, but they are not a universal replacement for…",1,Isometric Training for Strength and Tendon Loading,1229,article,SoftwareApplication|Organization|WebSite,yes,3,34,0,0,indexable,Improve,,audited,
https://jacked.coach/blog/jeff-nippard-science-based-fitness-movement,sitemap|internal:https://jacked.coach/blog|internal:https://jacked.coach/blog/jeff-nippard-muscle-lab-fitness-research-facility-2026|internal:https://jacked.coach/blog/influencer-training-programs-science-analysis,200,,,https://jacked.coach/blog/jeff-nippard-science-based-fitness-movement,"index, follow",,yes,Jeff Nippard and Science-Based Fitness: How to Evaluate the Claims | Surpass,"Jeff Nippard has helped popularise evidence-based lifting. Here is what that label should mean, where the evidence is strong, and where creator advice…",1,Jeff Nippard and Science-Based Fitness: How to Evaluate the Claims,1184,article,SoftwareApplication|Organization|WebSite,yes,4,34,0,0,indexable,Improve,,audited,
https://jacked.coach/blog/jeff-nippard-vs-mike-mentzer-training-philosophy,sitemap|internal:https://jacked.coach/blog|internal:https://jacked.coach/blog/mike-mentzer-heavy-duty-training-science-2026|internal:https://jacked.coach/blog/mike-mentzer-high-intensity-training-2026|internal:https://jacked.coach/blog/building-muscle-budget-protein-sources|internal:https://jacked.coach/blog/forearm-hypertrophy-training-science|internal:https://jacked.coach/blog/influencer-training-programs-science-analysis|internal:https://jacked.coach/blog/jeff-nippard-science-based-fitness-movement,200,,,https://jacked.coach/blog/jeff-nippard-vs-mike-mentzer-training-philosophy,"index, follow",,yes,Jeff Nippard vs Mike Mentzer: The Training Philosophy Battle Explained | Surpass,Two radically different approaches to building muscle — science-based high volume versus high-intensity minimalism. We break down which actually works.,1,Jeff Nippard vs Mike Mentzer: The Training Philosophy Battle Explained,1404,article,SoftwareApplication|Organization|WebSite,yes,9,34,0,0,indexable,Improve,,audited,
https://jacked.coach/blog/kettlebell-training-hypertrophy-muscle-building,sitemap|internal:https://jacked.coach/blog|internal:https://jacked.coach/blog/body-types-science-fitness-2026|internal:https://jacked.coach/blog/cluster-sets-hypertrophy-2026|internal:https://jacked.coach/blog/daily-steps-muscle-growth-science-2026|internal:https://jacked.coach/blog/grip-strength-longevity-muscle-building-2026|internal:https://jacked.coach/blog/hmb-supplementation-muscle-building-2026|internal:https://jacked.coach/blog/metabolic-stress-lactate-muscle-growth-2026|internal:https://jacked.coach/blog/omega-3-fatty-acids-muscle-growth-2026|internal:https://jacked.coach/blog/proximity-to-failure-hypertrophy-2026|internal:https://jacked.coach/blog/compound-vs-isolation-hypertrophy-science|internal:https://jacked.coach/blog/daily-readiness-training-wearable-data|internal:https://jacked.coach/blog/electrical-muscle-stimulation-ems-training-hypertrophy|internal:https://jacked.coach/blog/exercise-biomechanics-grip-stance-leverage|internal:https://jacked.coach/blog/exercise-variation-muscle-growth-rotation,200,,,https://jacked.coach/blog/kettlebell-training-hypertrophy-muscle-building,"index, follow",,yes,Kettlebell Training for Hypertrophy: How to Build Muscle with a Bell | Surpass,"Kettlebells can support muscle growth when exercises provide enough load, effort, range, and progression; learn what they do well and where their limits are.",1,Kettlebell Training for Hypertrophy: How to Build Muscle with a Bell,1284,article,SoftwareApplication|Organization|WebSite,yes,24,35,0,0,indexable,Improve,,audited,
https://jacked.coach/blog/knee-health-squat-science-protecting-joints,sitemap|internal:https://jacked.coach/blog|internal:https://jacked.coach/blog/stanford-cartilage-regeneration-lifters-joints-2026|internal:https://jacked.coach/blog/isometric-training-tendon-strength-muscle,200,,,https://jacked.coach/blog/knee-health-squat-science-protecting-joints,"index, follow",,yes,"Knee Health for Lifters: Squats, Pain, and Load Management | Surpass","Squatting is not automatically harmful to healthy knees. Learn how to adjust range, load, and exercise choice without treating internet rules as a diagnosis.",1,"Knee Health for Lifters: Squats, Pain, and Load Management",1392,article,SoftwareApplication|Organization|WebSite,yes,5,34,0,0,indexable,Improve,,audited,
https://jacked.coach/blog/lean-pork-muscle-protein-synthesis-2025,sitemap|internal:https://jacked.coach/blog|internal:https://jacked.coach/blog/anabolic-resistance-older-adults-2026|internal:https://jacked.coach/blog/exerkines-muscle-signaling-molecules-2026|internal:https://jacked.coach/blog/mtor-leucine-threshold-2026|internal:https://jacked.coach/blog/muscle-growth-timeline-2026|internal:https://jacked.coach/blog/taurine-supplementation-fitness-performance-2026|internal:https://jacked.coach/blog/hypertrophy-training-muscle-oxidative-capacity-endurance|internal:https://jacked.coach/blog/isometric-training-muscle-growth-science,200,,,https://jacked.coach/blog/lean-pork-muscle-protein-synthesis-2025,"index, follow",,yes,Lean vs High-Fat Pork After Training: What One Acute Study Shows | Surpass,"A 2025 study in 16 physically active adults compared low- and high-fat pork meals after resistance exercise, measuring short-term synthesis rather than…",1,Lean vs High-Fat Pork After Training: What One Acute Study Shows,1045,article,SoftwareApplication|Organization|WebSite,yes,12,35,0,0,indexable,Improve,,audited,
https://jacked.coach/blog/lifting-straps-gains-guide,sitemap|internal:https://jacked.coach/blog|internal:https://jacked.coach/blog/grip-strength-longevity-muscle-building-2026|internal:https://jacked.coach/blog/block-periodization-focused-training-phases|internal:https://jacked.coach/blog/forearm-hypertrophy-training-science|internal:https://jacked.coach/blog/gym-gloves-vs-bare-hand-forearm-science,200,,,https://jacked.coach/blog/lifting-straps-gains-guide,"index, follow",,yes,Lifting Straps: When They Help and What They Do Not Replace | Surpass,"Straps can reduce grip as a limit during pulling work, but they do not guarantee better hypertrophy or make every exercise safer.",1,Lifting Straps: When They Help and What They Do Not Replace,1008,article,SoftwareApplication|Organization|WebSite,yes,7,34,0,0,indexable,Improve,,audited,
https://jacked.coach/blog/lifting-joint-pain-arthritis-science,sitemap|internal:https://jacked.coach/blog|internal:https://jacked.coach/blog/stanford-cartilage-regeneration-lifters-joints-2026,200,,,https://jacked.coach/blog/lifting-joint-pain-arthritis-science,"index, follow",,yes,Lifting with Joint Pain or Arthritis: A Safer Evidence-Based Framework | Surpass,"Strength training can be useful for many people with osteoarthritis, but pain is not a diagnosis and the right load, range, and progression are individual.",1,Lifting with Joint Pain or Arthritis: A Safer Evidence-Based Framework,1201,article,SoftwareApplication|Organization|WebSite,yes,4,34,0,0,indexable,Improve,,audited,
https://jacked.coach/blog/light-vs-heavy-weights-2025-research,sitemap|internal:https://jacked.coach/blog|internal:https://jacked.coach/blog/proximity-to-failure-hypertrophy-2026|internal:https://jacked.coach/blog/compound-vs-isolation-hypertrophy-science,200,,,https://jacked.coach/blog/light-vs-heavy-weights-2025-research,"index, follow",,yes,Light Weights vs. Heavy Weights for Muscle and Strength | Surpass,"Light and heavy loads can both build muscle, while heavier loads usually provide an advantage for specific strength tests.",1,Light Weights vs. Heavy Weights for Muscle and Strength,966,article,SoftwareApplication|Organization|WebSite,yes,7,35,0,0,indexable,Improve,,audited,
https://jacked.coach/blog/load-vs-reps-progressive-overload,sitemap|internal:https://jacked.coach/blog|internal:https://jacked.coach/blog/progressive-overload-muscle-building|internal:https://jacked.coach/blog/workout-app-not-building-muscle|internal:https://jacked.coach/blog/concurrent-training-interference-effect-2026|internal:https://jacked.coach/blog/2025-muscle-building-research-smart-training|internal:https://jacked.coach/blog/blood-flow-restriction-training-science|internal:https://jacked.coach/blog/kettlebell-training-hypertrophy-muscle-building,200,,,https://jacked.coach/blog/load-vs-reps-progressive-overload,"index, follow",,yes,Load vs Reps: How to Progress Resistance Training | Surpass,Adding weight is not the only form of progressive overload. Here is what controlled studies and autoregulation research can support without promising one…,1,Load vs Reps: How to Progress Resistance Training,1055,article,SoftwareApplication|Organization|WebSite,yes,10,34,0,0,indexable,Improve,,audited,
https://jacked.coach/blog/liver-muscle-axis-gains,sitemap|internal:https://jacked.coach/blog|internal:https://jacked.coach/blog/daily-steps-muscle-growth-science-2026|internal:https://jacked.coach/blog/omega-3-fatty-acids-muscle-growth-2026|internal:https://jacked.coach/blog/air-pollution-muscle-building-outdoor-training|internal:https://jacked.coach/blog/gut-muscle-axis-microbiome-muscle-building,200,,,https://jacked.coach/blog/liver-muscle-axis-gains,"index, follow",,yes,The Liver-Muscle Axis: Physiology Without the “Hidden Gains” Claim | Surpass,"The liver and skeletal muscle exchange metabolic signals, but liver health is not a muscle-growth switch; learn what the research supports and when…",1,The Liver-Muscle Axis: Physiology Without the “Hidden Gains” Claim,1082,article,SoftwareApplication|Organization|WebSite,yes,11,35,0,0,indexable,Improve,,audited,
https://jacked.coach/blog/load-tempo-equivalence-2025-research,sitemap|internal:https://jacked.coach/blog|internal:https://jacked.coach/blog/tempo-training-hypertrophy-science-2026|internal:https://jacked.coach/blog/light-vs-heavy-weights-2025-research,200,,,https://jacked.coach/blog/load-tempo-equivalence-2025-research,"index, follow",,yes,Load and Repetition Tempo: What Actually Matters for Hypertrophy | Surpass,"Load and tempo offer useful choices, not magic settings. Learn why low and high loads can build muscle, why strength remains specific, and how to use a…",1,Load and Repetition Tempo: What Actually Matters for Hypertrophy,939,article,SoftwareApplication|Organization|WebSite,yes,4,35,0,0,indexable,Improve,,audited,
https://jacked.coach/blog/local-igf-1-muscle-growth-factors,sitemap|internal:https://jacked.coach/blog|internal:https://jacked.coach/blog/ashwagandha-strength-training-supplement-science-2026|internal:https://jacked.coach/blog/lean-pork-muscle-protein-synthesis-2025,200,,,https://jacked.coach/blog/local-igf-1-muscle-growth-factors,"index, follow",,yes,Local IGF-1 and Muscle Growth: What the Human Evidence Shows | Surpass,"Muscle can express IGF-1 splice variants after resistance exercise, but local transcripts are not a simple growth switch or a practical prescription for…",1,Local IGF-1 and Muscle Growth: What the Human Evidence Shows,1110,article,SoftwareApplication|Organization|WebSite,yes,8,34,0,0,indexable,Improve,,audited,
https://jacked.coach/blog/longitudinal-hypertrophy-mtor-independent-pathway,sitemap|internal:https://jacked.coach/blog|internal:https://jacked.coach/blog/metabolic-stress-lactate-muscle-growth-2026|internal:https://jacked.coach/blog/mtor-leucine-threshold-2026,200,,,https://jacked.coach/blog/longitudinal-hypertrophy-mtor-independent-pathway,"index, follow",,yes,Mechanotransduction and Muscle Growth | Surpass,"Muscle growth involves mechanical sensing, mTOR-related signalling, protein turnover, and tissue remodelling; no single pathway provides a complete…",1,Mechanotransduction and Muscle Growth: What the Biology Can Tell Lifters,1046,article,SoftwareApplication|Organization|WebSite,yes,5,35,0,0,indexable,Improve,,audited,
https://jacked.coach/blog/machines-vs-free-weights-2025-research,sitemap|internal:https://jacked.coach/blog|internal:https://jacked.coach/blog/compound-vs-isolation-hypertrophy-science,200,,,https://jacked.coach/blog/machines-vs-free-weights-2025-research,"index, follow",,yes,Machines vs Free Weights: What the Evidence Actually Says | Surpass,"Machines and free weights can both build muscle. The better choice depends on the task, target muscle, stability, skill, equipment, and what you can…",1,Machines vs Free Weights: What the Evidence Actually Says,1072,article,SoftwareApplication|Organization|WebSite,yes,3,35,0,0,indexable,Improve,,audited,
https://jacked.coach/blog/magnesium-strength-training-mineral-gains,sitemap|internal:https://jacked.coach/blog|internal:https://jacked.coach/blog/creatine-monohydrate-science-2026|internal:https://jacked.coach/blog/co2-tolerance-training-strength-lifts|internal:https://jacked.coach/blog/insulin-muscle-building-science,200,,,https://jacked.coach/blog/magnesium-strength-training-mineral-gains,"index, follow",,yes,Magnesium and Strength Training: What Lifters Need to Know | Surpass,"Magnesium supports normal nerve, muscle, and energy function, but supplementation is not a universal muscle-building or sleep solution.",1,Magnesium and Strength Training: What Lifters Need to Know,1121,article,SoftwareApplication|Organization|WebSite,yes,6,34,0,0,indexable,Improve,,audited,
https://jacked.coach/blog/mechanotransduction-muscle-cells-feel-weight,sitemap|internal:https://jacked.coach/blog|internal:https://jacked.coach/blog/local-igf-1-muscle-growth-factors,200,,,https://jacked.coach/blog/mechanotransduction-muscle-cells-feel-weight,"index, follow",,yes,Mechanotransduction: How Muscle Cells Sense Resistance | Surpass,"Mechanical loading is translated into cellular signals through a network of structures and pathways, but mechanotransduction research does not create a…",1,Mechanotransduction: How Muscle Cells Sense Resistance,982,article,SoftwareApplication|Organization|WebSite,yes,3,34,0,0,indexable,Improve,,audited,
https://jacked.coach/blog/mechanical-tension-vs-muscle-damage-growth,sitemap|internal:https://jacked.coach/blog|internal:https://jacked.coach/blog/muscle-damage-doms-hypertrophy-science-2026,200,,,https://jacked.coach/blog/mechanical-tension-vs-muscle-damage-growth,"index, follow",,yes,"Why Mechanical Tension, Not Muscle Damage, Drives Growth: The Science | Surpass","Why muscle damage and soreness are not reliable growth targets, how mechanical loading fits the current hypertrophy model, and what to do in training.",1,"Why Mechanical Tension, Not Muscle Damage, Drives Growth: The Science",1062,article,SoftwareApplication|Organization|WebSite,yes,3,34,0,0,indexable,Improve,,audited,
https://jacked.coach/blog/melatonin-muscle-recovery-lifters-science,sitemap|internal:https://jacked.coach/blog|internal:https://jacked.coach/blog/ashwagandha-strength-training-supplement-science-2026|internal:https://jacked.coach/blog/taurine-supplementation-fitness-performance-2026|internal:https://jacked.coach/blog/beetroot-juice-nitrates-muscle-performance|internal:https://jacked.coach/blog/collagen-peptides-muscle-tendon-stiffness-2025|internal:https://jacked.coach/blog/exercise-order-pre-exhaustion-science|internal:https://jacked.coach/blog/glycine-supplementation-lifters-science,200,,,https://jacked.coach/blog/melatonin-muscle-recovery-lifters-science,"index, follow",,yes,Melatonin for Lifters: What the Exercise Evidence Actually Shows | Surpass,"Melatonin may affect sleep timing and some recovery outcomes, but one small trial is not proof of better hypertrophy or a universal dose; use it…",1,Melatonin for Lifters: What the Exercise Evidence Actually Shows,995,article,SoftwareApplication|Organization|WebSite,yes,11,35,0,0,indexable,Improve,,audited,
https://jacked.coach/blog/menstrual-cycle-training-muscle-growth,sitemap|internal:https://jacked.coach/blog|internal:https://jacked.coach/blog/creatine-loading-phase-necessary-research|internal:https://jacked.coach/blog/calf-muscle-hypertrophy-training-science|internal:https://jacked.coach/blog/gym-gloves-vs-bare-hand-forearm-science,200,,,https://jacked.coach/blog/menstrual-cycle-training-muscle-growth,"index, follow",,yes,Menstrual Cycle Training: Does Timing Matter for Muscle Growth? | Surpass,"What research says about menstrual-cycle symptoms and training performance, why phase-based programming is not universal, and how to use your own data.",1,Menstrual Cycle Training: Does Timing Matter for Muscle Growth?,960,article,SoftwareApplication|Organization|WebSite,yes,6,34,0,0,indexable,Improve,,audited,
https://jacked.coach/blog/mental-fatigue-training-performance-cns,sitemap|internal:https://jacked.coach/blog|internal:https://jacked.coach/blog/hmb-supplementation-muscle-building-2026|internal:https://jacked.coach/blog/resistance-training-mental-health-brain-aging-2026|internal:https://jacked.coach/blog/supersets-hypertrophy-science-2026|internal:https://jacked.coach/blog/surpass-competitor-analysis-2026|internal:https://jacked.coach/blog/air-pollution-muscle-building-outdoor-training|internal:https://jacked.coach/blog/exercise-biomechanics-grip-stance-leverage|internal:https://jacked.coach/blog/knee-health-squat-science-protecting-joints,200,,,https://jacked.coach/blog/mental-fatigue-training-performance-cns,"index, follow",,yes,Mental Fatigue and Resistance Training: What It Can Change | Surpass,"Cognitive effort may reduce the amount of resistance exercise some people complete, but “CNS exhaustion” is not a diagnosis.",1,Mental Fatigue and Resistance Training: What It Can Change,1009,article,SoftwareApplication|Organization|WebSite,yes,11,35,0,0,indexable,Improve,,audited,
https://jacked.coach/blog/mental-rehearsal-visualization-strength-gains,sitemap|internal:https://jacked.coach/blog|internal:https://jacked.coach/blog/grip-strength-longevity-muscle-building-2026|internal:https://jacked.coach/blog/ischemic-preconditioning-strength-lifts-blood-flow,200,,,https://jacked.coach/blog/mental-rehearsal-visualization-strength-gains,"index, follow",,yes,"Mental Imagery for Strength: A Skill Aid, Not a Muscle-Building | Surpass","Mental practice can support movement skill and some strength outcomes, especially alongside physical training, but it cannot replace resistance exercise…",1,"Mental Imagery for Strength: A Skill Aid, Not a Muscle-Building Substitute",1005,article,SoftwareApplication|Organization|WebSite,yes,4,35,0,0,indexable,Improve,,audited,
https://jacked.coach/blog/mind-muscle-connection-science-hypertrophy,sitemap|internal:https://jacked.coach/blog|internal:https://jacked.coach/blog/periodization-dup-vs-linear-2026|internal:https://jacked.coach/blog/forearm-hypertrophy-training-science,200,,,https://jacked.coach/blog/mind-muscle-connection-science-hypertrophy,"index, follow",,yes,Mind-Muscle Connection: Science or Snake Oil? | Surpass,"The research on internal focus cues and muscle activation—what works, what doesn&#x27;t, and how to use it for maximum hypertrophy.",1,Mind-Muscle Connection: Science or Snake Oil?,1380,article,SoftwareApplication|Organization|WebSite,yes,5,34,0,0,indexable,Improve,,audited,
https://jacked.coach/blog/metabolic-stress-vs-mechanical-tension,sitemap|internal:https://jacked.coach/blog,200,,,https://jacked.coach/blog/metabolic-stress-vs-mechanical-tension,"index, follow",,yes,Metabolic Stress vs Mechanical Tension: How to Use the Concepts | Surpass,"Mechanical tension is central to resistance-training adaptation, while metabolic stress describes part of the fatigue and signaling environment.",1,Metabolic Stress vs Mechanical Tension: How to Use the Concepts,951,article,SoftwareApplication|Organization|WebSite,yes,1,34,0,0,indexable,Improve,,audited,
https://jacked.coach/blog/mitochondrial-dynamics-muscle-growth-hypertrophy,sitemap|internal:https://jacked.coach/blog|internal:https://jacked.coach/blog/eccentric-overload-training-muscle-growth-2026|internal:https://jacked.coach/blog/heat-training-muscle-growth-science-2026|internal:https://jacked.coach/blog/mtor-leucine-threshold-2026|internal:https://jacked.coach/blog/sarcoplasmic-vs-myofibrillar-hypertrophy-science-2026|internal:https://jacked.coach/blog/hypertrophy-training-muscle-oxidative-capacity-endurance|internal:https://jacked.coach/blog/mechanotransduction-muscle-cells-feel-weight,200,,,https://jacked.coach/blog/mitochondrial-dynamics-muscle-growth-hypertrophy,"index, follow",,yes,"Mitochondria, Resistance Training, and Muscle Growth: What We Know | Surpass","Mitochondrial adaptation and hypertrophy signalling can coexist, but cellular findings do not create a secret muscle-building protocol.",1,"Mitochondria, Resistance Training, and Muscle Growth: What We Know",1013,article,SoftwareApplication|Organization|WebSite,yes,8,34,0,0,indexable,Improve,,audited,
https://jacked.coach/blog/mind-muscle-connection-science,sitemap|internal:https://jacked.coach/blog|internal:https://jacked.coach/blog/mental-rehearsal-visualization-strength-gains|internal:https://jacked.coach/blog/mind-muscle-connection-science-hypertrophy,200,,,https://jacked.coach/blog/mind-muscle-connection-science,"index, follow",,yes,The Mind-Muscle Connection: What Attention Can and Cannot Do | Surpass,"Internal focus can change how a lift feels and may alter muscle activity in some settings, but it is not a proven replacement for progressive resistance…",1,The Mind-Muscle Connection: What Attention Can and Cannot Do,868,article,SoftwareApplication|Organization|WebSite,yes,4,34,0,0,indexable,Improve,,audited,
https://jacked.coach/blog/motor-unit-recruitment-rate-coding-neural-strength,sitemap|internal:https://jacked.coach/blog,200,,,https://jacked.coach/blog/motor-unit-recruitment-rate-coding-neural-strength,"index, follow",,yes,Motor-Unit Recruitment and Rate Coding: How Strength Adapts | Surpass,"Early strength gains can reflect changes in neural drive, but motor-unit biology does not justify a fixed neural phase or a special hypertrophy rep range.",1,Motor-Unit Recruitment and Rate Coding: How Strength Adapts,1007,article,SoftwareApplication|Organization|WebSite,yes,2,34,0,0,indexable,Improve,,audited,
https://jacked.coach/blog/muscle-architecture-hypertrophy-science,sitemap|internal:https://jacked.coach/blog|internal:https://jacked.coach/blog/supersets-hypertrophy-science-2026,200,,,https://jacked.coach/blog/muscle-architecture-hypertrophy-science,"index, follow",,yes,Muscle Architecture and Hypertrophy: What It Can Explain | Surpass,"Fascicle length, pennation angle, and regional muscle thickness influence force and measurement, but architecture is not a fixed hypertrophy score or a…",1,Muscle Architecture and Hypertrophy: What It Can Explain,939,article,SoftwareApplication|Organization|WebSite,yes,3,35,0,0,indexable,Improve,,audited,
https://jacked.coach/blog/muscle-building-non-responders-science,sitemap|internal:https://jacked.coach/blog|internal:https://jacked.coach/blog/body-types-science-fitness-2026,200,,,https://jacked.coach/blog/muscle-building-non-responders-science,"index, follow",,yes,"When Muscle Growth Seems Stalled: Measurement, Training, and | Surpass","Apparent non-response to hypertrophy training can reflect measurement noise, insufficient stimulus, nutrition, recovery, or genuine variation.",1,"When Muscle Growth Seems Stalled: Measurement, Training, and Individual Response",1089,article,SoftwareApplication|Organization|WebSite,yes,3,35,0,0,indexable,Improve,,audited,
https://jacked.coach/blog/muscle-glycogen-supercompensation-carb-loading,sitemap|internal:https://jacked.coach/blog|internal:https://jacked.coach/blog/creatine-monohydrate-science-2026|internal:https://jacked.coach/blog/breathing-techniques-strength-training-science|internal:https://jacked.coach/blog/carbohydrates-muscle-growth-science|internal:https://jacked.coach/blog/hypertrophy-training-muscle-oxidative-capacity-endurance,200,,,https://jacked.coach/blog/muscle-glycogen-supercompensation-carb-loading,"index, follow",,yes,Muscle Glycogen and Resistance Training | Surpass,"Muscle glycogen supports repeated high-intensity work, but carb loading is mainly an endurance strategy; learn when carbohydrate intake may help a lifter…",1,Muscle Glycogen and Resistance Training: What Carbohydrate Timing Can Do,1260,article,SoftwareApplication|Organization|WebSite,yes,9,35,0,0,indexable,Improve,,audited,
https://jacked.coach/blog/muscle-cramps-lifting-science-prevention,sitemap|internal:https://jacked.coach/blog|internal:https://jacked.coach/blog/lifting-straps-gains-guide,200,,,https://jacked.coach/blog/muscle-cramps-lifting-science-prevention,"index, follow",,yes,Muscle Cramps During Lifting: What May Help and When to Get Help | Surpass,"Exercise-associated cramps have more than one possible cause; manage the provoking load, use gentle stretching, and do not assume water or magnesium…",1,Muscle Cramps During Lifting: What May Help and When to Get Help,1072,article,SoftwareApplication|Organization|WebSite,yes,2,35,0,0,indexable,Improve,,audited,
https://jacked.coach/blog/muscle-fiber-types-training-specificity,sitemap|internal:https://jacked.coach/blog|internal:https://jacked.coach/blog/sarcoplasmic-vs-myofibrillar-hypertrophy-science-2026|internal:https://jacked.coach/blog/motor-unit-recruitment-rate-coding-neural-strength|internal:https://jacked.coach/blog/muscle-architecture-hypertrophy-science,200,,,https://jacked.coach/blog/muscle-fiber-types-training-specificity,"index, follow",,yes,Muscle Fiber Types and Training: What Specificity Really Means | Surpass,"Type I and type II fibres differ in contractile and metabolic properties, but current evidence does not support a rigid fibre-targeting rep chart for…",1,Muscle Fiber Types and Training: What Specificity Really Means,1036,article,SoftwareApplication|Organization|WebSite,yes,4,34,0,0,indexable,Improve,,audited,
https://jacked.coach/blog/muscle-group-training-frequency-optimal,sitemap|internal:https://jacked.coach/blog|internal:https://jacked.coach/blog/training-volume-sets-muscle-growth-2026|internal:https://jacked.coach/blog/effective-training-volume-quality-not-quantity,200,,,https://jacked.coach/blog/muscle-group-training-frequency-optimal,"index, follow",,yes,How Often Should You Train Each Muscle Group? | Surpass,"Training frequency helps distribute weekly work, but no single twice- or three-times-weekly rule is optimal for everyone when volume and recovery are…",1,How Often Should You Train Each Muscle Group?,928,article,SoftwareApplication|Organization|WebSite,yes,7,34,0,0,indexable,Improve,,audited,
https://jacked.coach/blog/muscle-memory-myonuclei-retention-science,sitemap|internal:https://jacked.coach/blog|internal:https://jacked.coach/blog/local-igf-1-muscle-growth-factors,200,,,https://jacked.coach/blog/muscle-memory-myonuclei-retention-science,"index, follow",,yes,Muscle Memory and Myonuclei: What Training May Retain | Surpass,"Retraining can feel faster after a break, but the human evidence does not justify a guaranteed timeline or a simple myonuclei explanation; here is what…",1,Muscle Memory and Myonuclei: What Training May Retain,1144,article,SoftwareApplication|Organization|WebSite,yes,5,35,0,0,indexable,Improve,,audited,
https://jacked.coach/blog/muscle-protein-synthesis-refractory-period,sitemap|internal:https://jacked.coach/blog|internal:https://jacked.coach/blog/anabolic-resistance-older-adults-2026|internal:https://jacked.coach/blog/exerkines-muscle-signaling-molecules-2026|internal:https://jacked.coach/blog/mtor-leucine-threshold-2026|internal:https://jacked.coach/blog/muscle-growth-timeline-2026|internal:https://jacked.coach/blog/longitudinal-hypertrophy-mtor-independent-pathway,200,,,https://jacked.coach/blog/muscle-protein-synthesis-refractory-period,"index, follow",,yes,The MPS Refractory Period: Why the 3–4 Hour Rule Is Not a Law | Surpass,"Muscle protein synthesis responds to protein and training, but human studies do not justify a universal 3–4 hour timer or a fixed protein ceiling for…",1,The MPS Refractory Period: Why the 3–4 Hour Rule Is Not a Law,1053,article,SoftwareApplication|Organization|WebSite,yes,8,34,0,0,indexable,Improve,,audited,
https://jacked.coach/blog/muscle-quality-echogenicity-ultrasound-gains,sitemap|internal:https://jacked.coach/blog,200,,,https://jacked.coach/blog/muscle-quality-echogenicity-ultrasound-gains,"index, follow",,yes,Muscle Quality and Ultrasound: What Echogenicity Can Show | Surpass,"Ultrasound echo intensity can add information about muscle composition and function, but it is not a simple score for gains, health, or training quality.",1,Muscle Quality and Ultrasound: What Echogenicity Can Show,1253,article,SoftwareApplication|Organization|WebSite,yes,1,34,0,0,indexable,Improve,,audited,
https://jacked.coach/blog/music-strength-training-performance-science,sitemap|internal:https://jacked.coach/blog|internal:https://jacked.coach/blog/beetroot-juice-nitrates-muscle-performance,200,,,https://jacked.coach/blog/music-strength-training-performance-science,"index, follow",,yes,Music and Strength Training: What the Evidence Supports | Surpass,"Preferred music can improve motivation and some repeated-effort outcomes, but the evidence does not support fixed tempo, volume, or strength rules.",1,Music and Strength Training: What the Evidence Supports,1160,article,SoftwareApplication|Organization|WebSite,yes,2,34,0,0,indexable,Improve,,audited,
https://jacked.coach/blog/myokines-muscle-endocrine-organ,sitemap|internal:https://jacked.coach/blog|internal:https://jacked.coach/blog/creatine-loading-phase-necessary-research|internal:https://jacked.coach/blog/exerkines-muscle-signaling-molecules-2026|internal:https://jacked.coach/blog/stanford-cartilage-regeneration-lifters-joints-2026,200,,,https://jacked.coach/blog/myokines-muscle-endocrine-organ,"index, follow",,yes,Myokines and Exerkines: What Muscle-Signalling Research Actually Shows | Surpass,"Skeletal muscle releases signals that may communicate with other tissues, but biomarker changes are not the same as proven muscle-building, fat-loss, or…",1,Myokines and Exerkines: What Muscle-Signalling Research Actually Shows,1015,article,SoftwareApplication|Organization|WebSite,yes,8,35,0,0,indexable,Improve,,audited,
https://jacked.coach/blog/myo-reps-rest-pause-training-efficiency,sitemap|internal:https://jacked.coach/blog|internal:https://jacked.coach/blog/drop-sets-intensity-techniques-science,200,,,https://jacked.coach/blog/myo-reps-rest-pause-training-efficiency,"index, follow",,yes,"Myo-Reps and Rest-Pause Training: Efficient Tools, Not Magic | Surpass","Myo-reps and rest-pause sets can make training more time-efficient, but the direct evidence is mostly on related rest-pause and drop-set formats rather…",1,"Myo-Reps and Rest-Pause Training: Efficient Tools, Not Magic",1141,article,SoftwareApplication|Organization|WebSite,yes,4,36,0,0,indexable,Improve,,audited,
https://jacked.coach/blog/myostatin-muscle-growth-genetic-limits,sitemap|internal:https://jacked.coach/blog|internal:https://jacked.coach/blog/exerkines-muscle-signaling-molecules-2026|internal:https://jacked.coach/blog/co2-tolerance-training-strength-lifts|internal:https://jacked.coach/blog/local-igf-1-muscle-growth-factors|internal:https://jacked.coach/blog/longitudinal-hypertrophy-mtor-independent-pathway|internal:https://jacked.coach/blog/mechanotransduction-muscle-cells-feel-weight,200,,,https://jacked.coach/blog/myostatin-muscle-growth-genetic-limits,"index, follow",,yes,Myostatin and Muscle Growth: What Lifters Can and Cannot Infer | Surpass,"Myostatin helps regulate muscle tissue, but animal biology and early drug research do not create a safe supplement or training shortcut for healthy lifters.",1,Myostatin and Muscle Growth: What Lifters Can and Cannot Infer,1127,article,SoftwareApplication|Organization|WebSite,yes,7,35,0,0,indexable,Improve,,audited,
https://jacked.coach/blog/napping-muscle-recovery-growth-hormone-science,sitemap|internal:https://jacked.coach/blog|internal:https://jacked.coach/blog/immune-cell-muscle-repair-discovery-2026|internal:https://jacked.coach/blog/sleep-growth-hormone-brain-circuits-2026|internal:https://jacked.coach/blog/deload-weeks-muscle-science|internal:https://jacked.coach/blog/electrical-muscle-stimulation-ems-training-hypertrophy|internal:https://jacked.coach/blog/exercise-variation-muscle-growth-rotation|internal:https://jacked.coach/blog/foam-rolling-recovery-science-2025|internal:https://jacked.coach/blog/music-strength-training-performance-science,200,,,https://jacked.coach/blog/napping-muscle-recovery-growth-hormone-science,"index, follow",,yes,Napping for Training Recovery: What the Evidence Supports | Surpass,"A nap may improve alertness, perceived recovery, or short-term performance when sleep is limited, but it is not a proven muscle-growth shortcut or a…",1,Napping for Training Recovery: What the Evidence Supports,927,article,SoftwareApplication|Organization|WebSite,yes,15,34,0,0,indexable,Improve,,audited,
https://jacked.coach/blog/neck-training-lifters-strength-aesthetics,sitemap|internal:https://jacked.coach/blog|internal:https://jacked.coach/blog/exercise-order-hypertrophy-programming,200,,,https://jacked.coach/blog/neck-training-lifters-strength-aesthetics,"index, follow",,yes,Neck Training for Lifters: A Conservative Evidence-Based Guide | Surpass,"Specific neck resistance work can improve neck strength and may add size, but it is not a posture, headache, or injury-prevention guarantee; progress it…",1,Neck Training for Lifters: A Conservative Evidence-Based Guide,1079,article,SoftwareApplication|Organization|WebSite,yes,2,35,0,0,indexable,Improve,,audited,
https://jacked.coach/blog/neuromuscular-efficiency-nervous-system-recruitment,sitemap|internal:https://jacked.coach/blog|internal:https://jacked.coach/blog/anabolic-resistance-older-adults-2026|internal:https://jacked.coach/blog/heat-shock-proteins-muscle-growth-2026|internal:https://jacked.coach/blog/isometric-training-muscle-growth-science|internal:https://jacked.coach/blog/mental-rehearsal-visualization-strength-gains|internal:https://jacked.coach/blog/motor-unit-recruitment-rate-coding-neural-strength|internal:https://jacked.coach/blog/music-strength-training-performance-science|internal:https://jacked.coach/blog/neck-training-lifters-strength-aesthetics,200,,,https://jacked.coach/blog/neuromuscular-efficiency-nervous-system-recruitment,"index, follow",,yes,Neural Adaptations to Resistance Training | Surpass,"Early strength gains can reflect skill, coordination, and neural adaptations as well as muscle growth; this guide explains what human evidence supports.",1,Neural Adaptations to Resistance Training: What Changes Before Muscle Size,1059,article,SoftwareApplication|Organization|WebSite,yes,12,35,0,0,indexable,Improve,,audited,
https://jacked.coach/blog/optimal-set-volume-2025-research,sitemap|internal:https://jacked.coach/blog|internal:https://jacked.coach/blog/exercise-snacking-muscle-science-2026|internal:https://jacked.coach/blog/2025-muscle-building-research-smart-training,200,,,https://jacked.coach/blog/optimal-set-volume-2025-research,"index, follow",,yes,Training Volume Per Session: Why There Is No Universal 16-Set Limit | Surpass,"A recent physique-athlete study raises useful questions about session volume, but it does not establish a 16-set ceiling.",1,Training Volume Per Session: Why There Is No Universal 16-Set Limit,947,article,SoftwareApplication|Organization|WebSite,yes,5,34,0,0,indexable,Improve,,audited,
https://jacked.coach/blog/nicotinamide-riboside-nad-muscle-health,sitemap|internal:https://jacked.coach/blog|internal:https://jacked.coach/blog/astaxanthin-supplementation-athletes|internal:https://jacked.coach/blog/stanford-cartilage-regeneration-lifters-joints-2026|internal:https://jacked.coach/blog/estrogen-muscle-building-hormone-science|internal:https://jacked.coach/blog/glycine-supplementation-lifters-science|internal:https://jacked.coach/blog/hydration-electrolytes-muscle-building-science,200,,,https://jacked.coach/blog/nicotinamide-riboside-nad-muscle-health,"index, follow",,yes,Nicotinamide Riboside and Muscle Health: What NAD+ Research Shows | Surpass,"Nicotinamide riboside can change NAD-related biomarkers, but current human evidence does not establish better muscle mass, strength, or performance in…",1,Nicotinamide Riboside and Muscle Health: What NAD+ Research Shows,963,article,SoftwareApplication|Organization|WebSite,yes,7,35,0,0,indexable,Improve,,audited,
https://jacked.coach/blog/photobiomodulation-low-level-laser-therapy-muscle-science,sitemap|internal:https://jacked.coach/blog|internal:https://jacked.coach/blog/muscle-damage-doms-hypertrophy-science-2026|internal:https://jacked.coach/blog/muscle-growth-timeline-2026|internal:https://jacked.coach/blog/calf-muscle-hypertrophy-training-science|internal:https://jacked.coach/blog/circadian-training-timing-muscle-growth|internal:https://jacked.coach/blog/collagen-peptides-muscle-tendon-stiffness-2025|internal:https://jacked.coach/blog/estrogen-muscle-building-hormone-science|internal:https://jacked.coach/blog/inter-set-stretching-muscle-growth-science|internal:https://jacked.coach/blog/melatonin-muscle-recovery-lifters-science|internal:https://jacked.coach/blog/nicotinamide-riboside-nad-muscle-health,200,,,https://jacked.coach/blog/photobiomodulation-low-level-laser-therapy-muscle-science,"index, follow",,yes,Photobiomodulation for Lifters: What Low-Level Light Studies | Surpass,"Photobiomodulation may affect some acute exercise outcomes, but current evidence does not establish a reliable muscle-growth shortcut or a universal…",1,Photobiomodulation for Lifters: What Low-Level Light Studies Actually Show,1092,article,SoftwareApplication|Organization|WebSite,yes,14,34,0,0,indexable,Improve,,audited,
https://jacked.coach/blog/post-activation-potentiation-pap-strength-science,sitemap|internal:https://jacked.coach/blog|internal:https://jacked.coach/blog/autoregulation-vs-traditional-training,200,,,https://jacked.coach/blog/post-activation-potentiation-pap-strength-science,"index, follow",,yes,PAP and PAPE: What Heavy Warm-Ups Can—and Cannot—Do | Surpass,"Post-activation performance enhancement can improve some acute performance tests, but effects vary widely and do not prove that a heavy single builds…",1,PAP and PAPE: What Heavy Warm-Ups Can—and Cannot—Do,960,article,SoftwareApplication|Organization|WebSite,yes,2,35,0,0,indexable,Improve,,audited,
https://jacked.coach/blog/pre-workout-meal-science-fueling-training,sitemap|internal:https://jacked.coach/blog|internal:https://jacked.coach/blog/autoprogression-science-2026|internal:https://jacked.coach/blog/intermittent-fasting-muscle-building-research-2026|internal:https://jacked.coach/blog/pre-workout-protein-science-2026|internal:https://jacked.coach/blog/blood-glucose-monitoring-lifters-cgm-muscle-building|internal:https://jacked.coach/blog/building-muscle-budget-protein-sources|internal:https://jacked.coach/blog/breathing-techniques-strength-training-science|internal:https://jacked.coach/blog/hydration-electrolytes-muscle-building-science|internal:https://jacked.coach/blog/insulin-muscle-building-science|internal:https://jacked.coach/blog/muscle-glycogen-supercompensation-carb-loading|internal:https://jacked.coach/blog/neck-training-lifters-strength-aesthetics,200,,,https://jacked.coach/blog/pre-workout-meal-science-fueling-training,"index, follow",,yes,Pre-Workout Meals: How to Fuel Resistance Training Without a Magic | Surpass,"A practical guide to pre-workout meals for lifters: choose carbohydrates, protein, timing, and portion size around your digestion and the demands of the…",1,Pre-Workout Meals: How to Fuel Resistance Training Without a Magic Window,1335,article,SoftwareApplication|Organization|WebSite,yes,15,35,0,0,indexable,Improve,,audited,
https://jacked.coach/blog/progress-stalled-hidden-factors-beyond-programming,sitemap|internal:https://jacked.coach/blog|internal:https://jacked.coach/blog/plateaus-break-through-muscle|internal:https://jacked.coach/blog/apply-hypertrophy-research-training-practical-guide,200,,,https://jacked.coach/blog/progress-stalled-hidden-factors-beyond-programming,"index, follow",,yes,Why Progress Stalls: A Practical Audit Beyond Programming | Surpass,"Before changing your split, audit measurement, effort, recovery, nutrition, symptoms, and recent workload. A plateau needs evidence, not a random new stimulus.",1,Why Progress Stalls: A Practical Audit Beyond Programming,1204,article,SoftwareApplication|Organization|WebSite,yes,3,34,0,0,indexable,Improve,,audited,
https://jacked.coach/blog/protein-distribution-muscle-protein-synthesis,sitemap|internal:https://jacked.coach/blog|internal:https://jacked.coach/blog/muscle-growth-timeline-2026|internal:https://jacked.coach/blog/pre-sleep-protein-casein-muscle-growth-2026|internal:https://jacked.coach/blog/pre-workout-protein-science-2026|internal:https://jacked.coach/blog/building-muscle-budget-protein-sources|internal:https://jacked.coach/blog/muscle-protein-synthesis-refractory-period|internal:https://jacked.coach/blog/pre-workout-meal-science-fueling-training,200,,,https://jacked.coach/blog/protein-distribution-muscle-protein-synthesis,"index, follow",,yes,Protein Distribution: How to Spread Intake Without Chasing a Timer | Surpass,"Distributing enough daily protein across several meals is practical, but human trials do not justify a universal 25–30 g rule or a guaranteed percentage…",1,Protein Distribution: How to Spread Intake Without Chasing a Timer,946,article,SoftwareApplication|Organization|WebSite,yes,10,34,0,0,indexable,Improve,,audited,
https://jacked.coach/blog/progressive-overload-beyond-adding-weight,sitemap|internal:https://jacked.coach/blog|internal:https://jacked.coach/blog/progressive-overload-muscle-building|internal:https://jacked.coach/blog/ai-fitness-programming-algorithms-2026|internal:https://jacked.coach/blog/autoprogression-science-2026|internal:https://jacked.coach/blog/autoregulation-vs-traditional-training|internal:https://jacked.coach/blog/exercise-variation-muscle-growth-rotation|internal:https://jacked.coach/blog/load-vs-reps-progressive-overload|internal:https://jacked.coach/blog/mind-muscle-connection-science|internal:https://jacked.coach/blog/myostatin-muscle-growth-genetic-limits|internal:https://jacked.coach/blog/progress-stalled-hidden-factors-beyond-programming,200,,,https://jacked.coach/blog/progressive-overload-beyond-adding-weight,"index, follow",,yes,Progressive Overload: More Than Adding Weight | Surpass,"Progression can mean more load, repetitions, sets, range, control, or useful effort; choose the variable that increases the intended stimulus without…",1,Progressive Overload: More Than Adding Weight,1095,article,SoftwareApplication|Organization|WebSite,yes,17,35,0,0,indexable,Improve,,audited,
https://jacked.coach/blog/protein-muscle-growth-guide,sitemap|internal:https://jacked.coach/blog|internal:https://jacked.coach/blog/hmb-supplementation-strength-athletes|internal:https://jacked.coach/blog/dileucine-supplement-muscle-protein-synthesis-research|internal:https://jacked.coach/blog/complete-guide-muscle-building-2026|internal:https://jacked.coach/blog/fasted-vs-fed-training-muscle-growth-2026|internal:https://jacked.coach/blog/hmb-supplementation-muscle-building-2026|internal:https://jacked.coach/blog/hypertrophy-training-myths-2026|internal:https://jacked.coach/blog/intermittent-fasting-muscle-building-research-2026|internal:https://jacked.coach/blog/keto-diet-strength-training-muscle-building-2026|internal:https://jacked.coach/blog/omega-3-fatty-acids-muscle-growth-2026|internal:https://jacked.coach/blog/carbohydrates-muscle-growth-science|internal:https://jacked.coach/blog/collagen-peptides-muscle-tendon-stiffness-2025|internal:https://jacked.coach/blog/gut-muscle-axis-microbiome-muscle-building|internal:https://jacked.coach/blog/insulin-muscle-building-science|internal:https://jacked.coach/blog/lean-pork-muscle-protein-synthesis-2025|internal:https://jacked.coach/blog/muscle-building-non-responders-science,200,,,https://jacked.coach/blog/protein-muscle-growth-guide,"index, follow",,yes,Protein and Muscle Growth: A Practical Guide | Surpass,"How much protein supports muscle gain, how to distribute it, which foods are convenient, and what changes when calories or health context differ.",1,Protein and Muscle Growth: A Practical Guide,955,article,SoftwareApplication|Organization|WebSite,yes,25,35,0,0,indexable,Improve,,audited,
https://jacked.coach/blog/protein-optimization-muscle-growth,sitemap|internal:https://jacked.coach/blog|internal:https://jacked.coach/blog/glp-1-muscle-preservation-science-2026|internal:https://jacked.coach/blog/mtor-leucine-threshold-2026|internal:https://jacked.coach/blog/pre-sleep-protein-casein-muscle-growth-2026|internal:https://jacked.coach/blog/pre-workout-protein-science-2026|internal:https://jacked.coach/blog/alcohol-muscle-growth-mtor-pathway-science|internal:https://jacked.coach/blog/anabolic-window-myth-2025|internal:https://jacked.coach/blog/body-recomposition-science-lose-fat-gain-muscle|internal:https://jacked.coach/blog/lean-pork-muscle-protein-synthesis-2025|internal:https://jacked.coach/blog/muscle-protein-synthesis-refractory-period|internal:https://jacked.coach/blog/protein-distribution-muscle-protein-synthesis,200,,,https://jacked.coach/blog/protein-optimization-muscle-growth,"index, follow",,yes,"Protein for Muscle Growth: Amount, Meals, and Timing | Surpass","A practical evidence review of daily protein, meal distribution, protein quality, pre-sleep intake, and what changes during a calorie deficit.",1,"Protein for Muscle Growth: Amount, Meals, and Timing",1258,article,SoftwareApplication|Organization|WebSite,yes,15,35,0,0,indexable,Improve,,audited,
https://jacked.coach/blog/protein-quality-pdcaas-diaas-muscle-growth,sitemap|internal:https://jacked.coach/blog|internal:https://jacked.coach/blog/anabolic-window-myth-2025,200,,,https://jacked.coach/blog/protein-quality-pdcaas-diaas-muscle-growth,"index, follow",,yes,"Protein Quality, PDCAAS, and DIAAS: What the Scores Can Tell You | Surpass","PDCAAS and DIAAS describe amino-acid quality and digestibility, but they are not direct rankings of muscle growth. Here is how to use them without overclaiming.",1,"Protein Quality, PDCAAS, and DIAAS: What the Scores Can Tell You",977,article,SoftwareApplication|Organization|WebSite,yes,2,34,0,0,indexable,Improve,,audited,
https://jacked.coach/blog/rear-delt-training-neglected-muscle,sitemap|internal:https://jacked.coach/blog|internal:https://jacked.coach/blog/body-types-science-fitness-2026,200,,,https://jacked.coach/blog/rear-delt-training-neglected-muscle,"index, follow",,yes,Rear Delt Training: The Neglected Muscle That&#x27;s Holding Back Your | Surpass,"A practical rear-delt plan covering exercise choice, technique, weekly frequency, progression, and the limits of what shoulder exercises can fix.",1,Rear Delt Training: The Neglected Muscle That&#x27;s Holding Back Your Physique,1365,article,SoftwareApplication|Organization|WebSite,yes,4,34,0,0,indexable,Improve,,audited,
https://jacked.coach/blog/rep-range-myth-muscle-growth-failure,sitemap|internal:https://jacked.coach/blog|internal:https://jacked.coach/blog/sarcoplasmic-vs-myofibrillar-hypertrophy-science-2026|internal:https://jacked.coach/blog/hypertrophy-training-muscle-oxidative-capacity-endurance|internal:https://jacked.coach/blog/light-vs-heavy-weights-2025-research|internal:https://jacked.coach/blog/muscle-cramps-lifting-science-prevention|internal:https://jacked.coach/blog/muscle-fiber-types-training-specificity|internal:https://jacked.coach/blog/progressive-overload-beyond-adding-weight,200,,,https://jacked.coach/blog/rep-range-myth-muscle-growth-failure,"index, follow",,yes,Rep Ranges and Muscle Growth: What Matters More Than 8–12 | Surpass,"Muscle can grow across a broad range of loads and repetitions. Effort, progression, exercise choice, and recovery matter more than hitting one sacred rep…",1,Rep Ranges and Muscle Growth: What Matters More Than 8–12,1105,article,SoftwareApplication|Organization|WebSite,yes,7,34,0,0,indexable,Improve,,audited,
https://jacked.coach/blog/red-light-therapy-muscle-growth-science,sitemap|internal:https://jacked.coach/blog|internal:https://jacked.coach/blog/photobiomodulation-low-level-laser-therapy-muscle-science,200,,,https://jacked.coach/blog/red-light-therapy-muscle-growth-science,"index, follow",,yes,Red Light Therapy for Muscle Growth: How to Read the Evidence | Surpass,"Red and near-infrared light may change some short-term exercise outcomes, but the evidence does not support fixed consumer protocols or guaranteed hypertrophy.",1,Red Light Therapy for Muscle Growth: How to Read the Evidence,1134,article,SoftwareApplication|Organization|WebSite,yes,4,34,0,0,indexable,Improve,,audited,
https://jacked.coach/blog/psychology-muscle-building-mindset-habits,sitemap|internal:https://jacked.coach/blog,200,,,https://jacked.coach/blog/psychology-muscle-building-mindset-habits,"index, follow",,yes,The Psychology of Muscle Building: Habits That Make Training | Surpass,"Training psychology affects consistency, but mindset does not override physiology; use motivation, planning, self-monitoring, and flexible goals to keep…",1,The Psychology of Muscle Building: Habits That Make Training Repeatable,1116,article,SoftwareApplication|Organization|WebSite,yes,2,35,0,0,indexable,Improve,,audited,
https://jacked.coach/blog/recovery-technologies-muscle-building-science,sitemap|internal:https://jacked.coach/blog|internal:https://jacked.coach/blog/cold-water-immersion-muscle-growth-science-2026|internal:https://jacked.coach/blog/electrical-muscle-stimulation-ems-training-hypertrophy|internal:https://jacked.coach/blog/red-light-therapy-muscle-growth-science,200,,,https://jacked.coach/blog/recovery-technologies-muscle-building-science,"index, follow",,yes,Recovery Technologies for Lifters: What Helps and What Is Mostly Hype | Surpass,"Sleep, food, and sensible training remain the foundation; massage, foam rolling, vibration, cold, heat, and devices have narrower and more variable uses.",1,Recovery Technologies for Lifters: What Helps and What Is Mostly Hype,1058,article,SoftwareApplication|Organization|WebSite,yes,5,35,0,0,indexable,Improve,,audited,
https://jacked.coach/blog/resistance-bands-hypertrophy-muscle-growth-science,sitemap|internal:https://jacked.coach/blog|internal:https://jacked.coach/blog/anabolic-resistance-older-adults-2026|internal:https://jacked.coach/blog/intermittent-fasting-muscle-building-research-2026|internal:https://jacked.coach/blog/blood-flow-restriction-training-science|internal:https://jacked.coach/blog/bone-density-resistance-training-science|internal:https://jacked.coach/blog/exercise-variation-muscle-growth-rotation|internal:https://jacked.coach/blog/kettlebell-training-hypertrophy-muscle-building|internal:https://jacked.coach/blog/neuromuscular-efficiency-nervous-system-recruitment|internal:https://jacked.coach/blog/progressive-overload-beyond-adding-weight|internal:https://jacked.coach/blog/rep-range-myth-muscle-growth-failure,200,,,https://jacked.coach/blog/resistance-bands-hypertrophy-muscle-growth-science,"index, follow",,yes,Resistance Bands for Muscle Growth: What the Evidence Supports | Surpass,"Bands can provide a useful resistance-training stimulus, but their results depend on exercise setup, effort, range, progression, and the outcome you measure.",1,Resistance Bands for Muscle Growth: What the Evidence Supports,1155,article,SoftwareApplication|Organization|WebSite,yes,10,35,0,0,indexable,Improve,,audited,
https://jacked.coach/blog/resistance-training-hypoxia-altitude-muscle-growth,sitemap|internal:https://jacked.coach/blog,200,,,https://jacked.coach/blog/resistance-training-hypoxia-altitude-muscle-growth,"index, follow",,yes,Resistance Training in Hypoxia: Does Training at Altitude Build | Surpass,New meta-analyses reveal whether training in oxygen-deprived conditions actually accelerates muscle growth—and whether it&#x27;s worth the hassle.,1,Resistance Training in Hypoxia: Does Training at Altitude Build More Muscle?,1025,article,SoftwareApplication|Organization|WebSite,yes,1,34,0,0,indexable,Improve,,audited,
https://jacked.coach/blog/rest-intervals-hypertrophy-science,sitemap|internal:https://jacked.coach/blog|internal:https://jacked.coach/blog/optimal-workout-duration-2026|internal:https://jacked.coach/blog/training-volume-sets-muscle-growth-2026|internal:https://jacked.coach/blog/drop-sets-intensity-techniques-science|internal:https://jacked.coach/blog/exercise-order-pre-exhaustion-science,200,,,https://jacked.coach/blog/rest-intervals-hypertrophy-science,"index, follow",,yes,Rest Intervals for Hypertrophy: How Long Should You Wait? | Surpass,"Rest intervals influence performance and the amount of work you can complete. Current evidence supports flexible, exercise-specific rest rather than a…",1,Rest Intervals for Hypertrophy: How Long Should You Wait?,927,article,SoftwareApplication|Organization|WebSite,yes,7,34,0,0,indexable,Improve,,audited,
https://jacked.coach/blog/satellite-cells-muscle-growth-science,sitemap|internal:https://jacked.coach/blog|internal:https://jacked.coach/blog/exerkines-muscle-signaling-molecules-2026|internal:https://jacked.coach/blog/immune-cell-muscle-repair-discovery-2026|internal:https://jacked.coach/blog/sarcoplasmic-vs-myofibrillar-hypertrophy-science-2026|internal:https://jacked.coach/blog/sleep-growth-hormone-brain-circuits-2026|internal:https://jacked.coach/blog/beetroot-juice-nitrates-muscle-performance|internal:https://jacked.coach/blog/local-igf-1-muscle-growth-factors|internal:https://jacked.coach/blog/longitudinal-hypertrophy-mtor-independent-pathway|internal:https://jacked.coach/blog/mechanotransduction-muscle-cells-feel-weight|internal:https://jacked.coach/blog/mind-muscle-connection-science-hypertrophy|internal:https://jacked.coach/blog/muscle-architecture-hypertrophy-science|internal:https://jacked.coach/blog/muscle-memory-myonuclei-retention-science|internal:https://jacked.coach/blog/muscle-quality-echogenicity-ultrasound-gains,200,,,https://jacked.coach/blog/satellite-cells-muscle-growth-science,"index, follow",,yes,Satellite Cells and Muscle Growth: What Human Research Shows | Surpass,"Satellite cells help repair and remodel skeletal muscle, but their activation is not a simple score of hypertrophy and does not create a fixed recovery…",1,Satellite Cells and Muscle Growth: What Human Research Shows,997,article,SoftwareApplication|Organization|WebSite,yes,16,35,0,0,indexable,Improve,,audited,
https://jacked.coach/blog/rest-periods-hypertrophy-science,sitemap|internal:https://jacked.coach/blog|internal:https://jacked.coach/blog/fasted-vs-fed-training-muscle-growth-2026|internal:https://jacked.coach/blog/exercise-order-hypertrophy-programming,200,,,https://jacked.coach/blog/rest-periods-hypertrophy-science,"index, follow",,yes,Rest Periods for Hypertrophy: How Long to Rest Between Sets | Surpass,"How rest affects performance, volume, and time in the gym, with practical starting points for compound lifts, isolation work, and supersets.",1,Rest Periods for Hypertrophy: How Long to Rest Between Sets,1285,article,SoftwareApplication|Organization|WebSite,yes,5,34,0,0,indexable,Improve,,audited,
https://jacked.coach/blog/rpe-vs-rir-autoregulation-2025,sitemap|internal:https://jacked.coach/blog|internal:https://jacked.coach/blog/ai-fitness-programming-algorithms-2026|internal:https://jacked.coach/blog/autoprogression-science-2026|internal:https://jacked.coach/blog/proximity-to-failure-hypertrophy-2026|internal:https://jacked.coach/blog/velocity-based-training-science-2026|internal:https://jacked.coach/blog/apply-hypertrophy-research-training-practical-guide|internal:https://jacked.coach/blog/autoregulation-vs-traditional-training|internal:https://jacked.coach/blog/bodyweight-training-muscle-building-science|internal:https://jacked.coach/blog/load-vs-reps-progressive-overload,200,,,https://jacked.coach/blog/rpe-vs-rir-autoregulation-2025,"index, follow",,yes,RPE vs RIR vs Percentage-Based Training | Surpass,"RPE, RIR, percentages, APRE, and velocity tools can all guide load selection. The evidence supports adjustment in context, not a universal ranking or…",1,RPE vs RIR vs Percentage-Based Training: A Practical Autoregulation Guide,981,article,SoftwareApplication|Organization|WebSite,yes,12,36,0,0,indexable,Improve,,audited,
https://jacked.coach/blog/sauna-muscle-recovery-lifters-science,sitemap|internal:https://jacked.coach/blog|internal:https://jacked.coach/blog/heat-shock-proteins-muscle-growth-2026,200,,,https://jacked.coach/blog/sauna-muscle-recovery-lifters-science,"index, follow",,yes,Sauna Use for Lifters: Heat Therapy for Muscle Growth and Recovery | Surpass,Can regular sauna sessions actually improve your muscle building results? The science behind heat therapy for lifters.,1,Sauna Use for Lifters: Heat Therapy for Muscle Growth and Recovery,1136,article,SoftwareApplication|Organization|WebSite,yes,2,34,0,0,indexable,Improve,,audited,
https://jacked.coach/blog/sleep-deprivation-muscle-protein-synthesis,sitemap|internal:https://jacked.coach/blog|internal:https://jacked.coach/blog/nac-supplementation-exercise-performance|internal:https://jacked.coach/blog/epicatechin-cocoa-flavanol-muscle-growth|internal:https://jacked.coach/blog/magnesium-supplementation-strength-athletes|internal:https://jacked.coach/blog/hgh-boosters-natural-compounds-lifters|internal:https://jacked.coach/blog/blood-biomarkers-lifters-guide-2026|internal:https://jacked.coach/blog/sleep-growth-hormone-brain-circuits-2026|internal:https://jacked.coach/blog/sleep-wearables-lifters-2026|internal:https://jacked.coach/blog/stanford-cartilage-regeneration-lifters-joints-2026|internal:https://jacked.coach/blog/taurine-supplementation-fitness-performance-2026|internal:https://jacked.coach/blog/beetroot-juice-nitrates-muscle-performance|internal:https://jacked.coach/blog/calf-muscle-hypertrophy-training-science|internal:https://jacked.coach/blog/circadian-training-timing-muscle-growth|internal:https://jacked.coach/blog/cortisol-muscle-growth-stress-hormone|internal:https://jacked.coach/blog/estrogen-muscle-building-hormone-science|internal:https://jacked.coach/blog/exercise-variation-muscle-growth-rotation|internal:https://jacked.coach/blog/melatonin-muscle-recovery-lifters-science|internal:https://jacked.coach/blog/myokines-muscle-endocrine-organ|internal:https://jacked.coach/blog/napping-muscle-recovery-growth-hormone-science|internal:https://jacked.coach/blog/photobiomodulation-low-level-laser-therapy-muscle-science|internal:https://jacked.coach/blog/sauna-muscle-recovery-lifters-science,200,,,https://jacked.coach/blog/sleep-deprivation-muscle-protein-synthesis,"index, follow",,yes,Sleep Loss and Muscle Growth: What the Evidence Actually Shows | Surpass,"Sleep loss can affect performance and some recovery signals, but one bad night does not erase your gains. Here is what lifters can use.",1,Sleep Loss and Muscle Growth: What the Evidence Actually Shows,1399,article,SoftwareApplication|Organization|WebSite,yes,29,34,0,0,indexable,Improve,,audited,
https://jacked.coach/blog/sleep-hormones-muscle-growth,sitemap|internal:https://jacked.coach/blog|internal:https://jacked.coach/blog/bpc-157-peptide-science-recovery-evidence|internal:https://jacked.coach/blog/fasted-vs-fed-training-muscle-growth-2026|internal:https://jacked.coach/blog/testosterone-muscle-building-science-2026|internal:https://jacked.coach/blog/alcohol-muscle-growth-mtor-pathway-science|internal:https://jacked.coach/blog/blood-pressure-resistance-training-lifting|internal:https://jacked.coach/blog/circadian-training-timing-muscle-growth|internal:https://jacked.coach/blog/protein-muscle-growth-guide,200,,,https://jacked.coach/blog/sleep-hormones-muscle-growth,"index, follow",,yes,Sleep and Muscle Growth: What Recovery Actually Does | Surpass,"Sleep supports training readiness, muscle-protein turnover, appetite, and performance. The evidence is useful, but one bad night does not erase your progress.",1,Sleep and Muscle Growth: What Recovery Actually Does,1217,article,SoftwareApplication|Organization|WebSite,yes,9,34,0,0,indexable,Improve,,audited,
https://jacked.coach/blog/sleep-recovery-muscle-growth,sitemap|internal:https://jacked.coach/blog|internal:https://jacked.coach/blog/daily-steps-muscle-growth-science-2026|internal:https://jacked.coach/blog/heat-shock-proteins-muscle-growth-2026|internal:https://jacked.coach/blog/immune-cell-muscle-repair-discovery-2026|internal:https://jacked.coach/blog/pre-sleep-protein-casein-muscle-growth-2026|internal:https://jacked.coach/blog/resistance-training-mental-health-brain-aging-2026|internal:https://jacked.coach/blog/sleep-growth-hormone-brain-circuits-2026|internal:https://jacked.coach/blog/autoregulation-vs-traditional-training|internal:https://jacked.coach/blog/cardio-strength-athletes-science|internal:https://jacked.coach/blog/chronotype-training-optimization|internal:https://jacked.coach/blog/circadian-rhythm-training-time-muscle-growth|internal:https://jacked.coach/blog/foam-rolling-recovery-science-2025|internal:https://jacked.coach/blog/melatonin-muscle-recovery-lifters-science|internal:https://jacked.coach/blog/mental-fatigue-training-performance-cns|internal:https://jacked.coach/blog/muscle-protein-synthesis-refractory-period|internal:https://jacked.coach/blog/myokines-muscle-endocrine-organ|internal:https://jacked.coach/blog/napping-muscle-recovery-growth-hormone-science|internal:https://jacked.coach/blog/recovery-technologies-muscle-building-science|internal:https://jacked.coach/blog/sleep-deprivation-muscle-protein-synthesis|internal:https://jacked.coach/blog/sleep-hormones-muscle-growth,200,,,https://jacked.coach/blog/sleep-recovery-muscle-growth,"index, follow",,yes,Sleep and Muscle Recovery: What the Human Evidence Supports | Surpass,"Sleep loss can impair performance and short-term muscle-protein synthesis, but there is no evidence-based sleep table that converts a single night into a…",1,Sleep and Muscle Recovery: What the Human Evidence Supports,1006,article,SoftwareApplication|Organization|WebSite,yes,24,35,0,0,indexable,Improve,,audited,
https://jacked.coach/blog/sodium-bicarbonate-ergogenic-aid-performance,sitemap|internal:https://jacked.coach/blog,200,,,https://jacked.coach/blog/sodium-bicarbonate-ergogenic-aid-performance,"index, follow",,yes,Sodium Bicarbonate for High-Intensity Exercise | Surpass,"Sodium bicarbonate can improve some repeated high-intensity efforts, but gastrointestinal and sodium risks make it a context-dependent sports…",1,Sodium Bicarbonate for High-Intensity Exercise: What It Can and Cannot Do,882,article,SoftwareApplication|Organization|WebSite,yes,1,34,0,0,indexable,Improve,,audited,
https://jacked.coach/blog/strength-vs-size-hypertrophy-science,sitemap|internal:https://jacked.coach/blog|internal:https://jacked.coach/blog/neuromuscular-efficiency-nervous-system-recruitment,200,,,https://jacked.coach/blog/strength-vs-size-hypertrophy-science,"index, follow",,yes,Training for Strength vs Size: Can You Actually Do Both? | Surpass,"The age-old debate gets settled by science: heavy weights vs moderate reps, neural adaptations vs muscle growth, and how to program for both.",1,Training for Strength vs Size: Can You Actually Do Both?,1273,article,SoftwareApplication|Organization|WebSite,yes,2,34,0,0,indexable,Improve,,audited,
https://jacked.coach/blog/stretch-mediated-hypertrophy-lengthened-partials,sitemap|internal:https://jacked.coach/blog|internal:https://jacked.coach/blog/hypertrophy-training-myths-2026|internal:https://jacked.coach/blog/optimal-workout-duration-2026|internal:https://jacked.coach/blog/supersets-hypertrophy-science-2026|internal:https://jacked.coach/blog/exercise-biomechanics-grip-stance-leverage|internal:https://jacked.coach/blog/isometric-training-muscle-growth-science|internal:https://jacked.coach/blog/muscle-architecture-hypertrophy-science|internal:https://jacked.coach/blog/rear-delt-training-neglected-muscle|internal:https://jacked.coach/blog/rest-intervals-hypertrophy-science,200,,,https://jacked.coach/blog/stretch-mediated-hypertrophy-lengthened-partials,"index, follow",,yes,Lengthened Partials and Stretch-Mediated Hypertrophy: What We Know | Surpass,"Training at longer muscle lengths may be useful for some exercises, but current studies do not show that lengthened partials universally beat full range…",1,Lengthened Partials and Stretch-Mediated Hypertrophy: What We Know,962,article,SoftwareApplication|Organization|WebSite,yes,12,35,0,0,indexable,Improve,,audited,
https://jacked.coach/blog/supercompensation-functional-overreaching,sitemap|internal:https://jacked.coach/blog,200,,,https://jacked.coach/blog/supercompensation-functional-overreaching,"index, follow",,yes,Supercompensation and Functional Overreaching: What They Mean | Surpass,"Supercompensation is a useful model of recovery, not a precise 24–72-hour growth window. Learn how to use fatigue and performance data without chasing a peak.",1,Supercompensation and Functional Overreaching: What They Mean,1219,article,SoftwareApplication|Organization|WebSite,yes,1,34,0,0,indexable,Improve,,audited,
https://jacked.coach/blog/tart-cherry-juice-precovery-science,sitemap|internal:https://jacked.coach/blog|internal:https://jacked.coach/blog/cold-water-immersion-muscle-growth-science-2026,200,,,https://jacked.coach/blog/tart-cherry-juice-precovery-science,"index, follow",,yes,Tart Cherry Juice for Training Recovery: What “Precovery” Means | Surpass,"Tart cherry may help selected recovery measures in some protocols, but effects are mixed and product, dose, timing, and exercise context matter.",1,Tart Cherry Juice for Training Recovery: What “Precovery” Means,973,article,SoftwareApplication|Organization|WebSite,yes,2,35,0,0,indexable,Improve,,audited,
https://jacked.coach/blog/tendon-training-science-weak-link-gains,sitemap|internal:https://jacked.coach/blog|internal:https://jacked.coach/blog/creatine-monohydrate-science-2026|internal:https://jacked.coach/blog/calf-muscle-hypertrophy-training-science|internal:https://jacked.coach/blog/collagen-peptides-muscle-tendon-stiffness-2025|internal:https://jacked.coach/blog/isometric-training-muscle-growth-science|internal:https://jacked.coach/blog/isometric-training-tendon-strength-muscle,200,,,https://jacked.coach/blog/tendon-training-science-weak-link-gains,"index, follow",,yes,"Tendon Training for Lifters: Loading, Progression, and Limits | Surpass","Tendons adapt to mechanical loading, but the response is variable and slower to judge than a gym-session change; use gradual, tolerable progression…",1,"Tendon Training for Lifters: Loading, Progression, and Limits",1009,article,SoftwareApplication|Organization|WebSite,yes,8,35,0,0,indexable,Improve,,audited,
https://jacked.coach/blog/thyroid-hormones-muscle-building-metabolism,sitemap|internal:https://jacked.coach/blog|internal:https://jacked.coach/blog/muscle-quality-echogenicity-ultrasound-gains,200,,,https://jacked.coach/blog/thyroid-hormones-muscle-building-metabolism,"index, follow",,yes,"Thyroid Hormones, Training, and Muscle: A Clinical Evidence Guide | Surpass","Thyroid status affects energy metabolism and muscle function, but fatigue or a plateau is not a diagnosis; learn what clinical testing can and cannot show.",1,"Thyroid Hormones, Training, and Muscle: A Clinical Evidence Guide",866,article,SoftwareApplication|Organization|WebSite,yes,2,35,0,0,indexable,Improve,,audited,
https://jacked.coach/blog/tongkat-ali-testosterone-supplementation-lifters,sitemap|internal:https://jacked.coach/blog|internal:https://jacked.coach/blog/blood-biomarkers-lifters-guide-2026|internal:https://jacked.coach/blog/heat-shock-proteins-muscle-growth-2026|internal:https://jacked.coach/blog/blood-glucose-monitoring-lifters-cgm-muscle-building|internal:https://jacked.coach/blog/collagen-peptides-muscle-tendon-stiffness-2025|internal:https://jacked.coach/blog/thyroid-hormones-muscle-building-metabolism,200,,,https://jacked.coach/blog/tongkat-ali-testosterone-supplementation-lifters,"index, follow",,yes,Tongkat Ali for Lifters: What the Testosterone Evidence Shows | Surpass,"Tongkat ali may change testosterone measures in some men, especially selected clinical populations, but it is not a proven muscle-building supplement or…",1,Tongkat Ali for Lifters: What the Testosterone Evidence Shows,1055,article,SoftwareApplication|Organization|WebSite,yes,6,35,0,0,indexable,Improve,,audited,
https://jacked.coach/blog/time-under-tension-hypertrophy-science,sitemap|internal:https://jacked.coach/blog|internal:https://jacked.coach/blog/eccentric-overload-training-muscle-growth-2026|internal:https://jacked.coach/blog/metabolic-stress-lactate-muscle-growth-2026|internal:https://jacked.coach/blog/inter-set-stretching-muscle-growth-science|internal:https://jacked.coach/blog/load-tempo-equivalence-2025-research,200,,,https://jacked.coach/blog/time-under-tension-hypertrophy-science,"index, follow",,yes,Time Under Tension and Hypertrophy: What Tempo Can—and Cannot—Do | Surpass,"Tempo changes how a set feels and how much work you can perform, but research does not support a universal 30–60-second hypertrophy target or mandatory…",1,Time Under Tension and Hypertrophy: What Tempo Can—and Cannot—Do,1056,article,SoftwareApplication|Organization|WebSite,yes,5,35,0,0,indexable,Improve,,audited,
https://jacked.coach/blog/training-age-hypertrophy-beginner-advanced,sitemap|internal:https://jacked.coach/blog|internal:https://jacked.coach/blog/blood-biomarkers-lifters-guide-2026|internal:https://jacked.coach/blog/body-types-science-fitness-2026|internal:https://jacked.coach/blog/jeff-nippard-muscle-lab-fitness-research-facility-2026|internal:https://jacked.coach/blog/bench-press-grip-width-chest-science|internal:https://jacked.coach/blog/co2-tolerance-training-strength-lifts|internal:https://jacked.coach/blog/muscle-memory-myonuclei-retention-science|internal:https://jacked.coach/blog/muscle-quality-echogenicity-ultrasound-gains|internal:https://jacked.coach/blog/myostatin-muscle-growth-genetic-limits|internal:https://jacked.coach/blog/post-activation-potentiation-pap-strength-science,200,,,https://jacked.coach/blog/training-age-hypertrophy-beginner-advanced,"index, follow",,yes,Training Age and Muscle Growth: Why Progress Slows | Surpass,"Beginners often improve quickly, while experienced lifters need more precise measurement and patience. Here is what training age can—and cannot—predict.",1,Training Age and Muscle Growth: Why Progress Slows,1318,article,SoftwareApplication|Organization|WebSite,yes,12,34,0,0,indexable,Improve,,audited,
https://jacked.coach/blog/train-through-soreness-vs-rest,sitemap|internal:https://jacked.coach/blog|internal:https://jacked.coach/blog/cold-water-immersion-muscle-growth-science-2026|internal:https://jacked.coach/blog/muscle-damage-doms-hypertrophy-science-2026|internal:https://jacked.coach/blog/inter-set-stretching-muscle-growth-science|internal:https://jacked.coach/blog/knee-health-squat-science-protecting-joints|internal:https://jacked.coach/blog/muscle-cramps-lifting-science-prevention,200,,,https://jacked.coach/blog/train-through-soreness-vs-rest,"index, follow",,yes,Training With Muscle Soreness: When to Modify or Rest | Surpass,DOMS is not a muscle-growth score. Learn how to separate familiar soreness from symptoms that should change the session or prompt medical advice.,1,Training With Muscle Soreness: When to Modify or Rest,1360,article,SoftwareApplication|Organization|WebSite,yes,7,34,0,0,indexable,Improve,,audited,
https://jacked.coach/blog/training-around-injuries-keep-gains-banged-up,sitemap|internal:https://jacked.coach/blog|internal:https://jacked.coach/blog/bpc-157-peptide-science-recovery-evidence|internal:https://jacked.coach/blog/immune-cell-muscle-repair-discovery-2026|internal:https://jacked.coach/blog/bench-press-grip-width-chest-science|internal:https://jacked.coach/blog/blood-flow-restriction-training-science|internal:https://jacked.coach/blog/bone-density-resistance-training-science|internal:https://jacked.coach/blog/bracing-intra-abdominal-pressure-strength-science|internal:https://jacked.coach/blog/collagen-peptides-muscle-tendon-stiffness-2025|internal:https://jacked.coach/blog/electrical-muscle-stimulation-ems-training-hypertrophy|internal:https://jacked.coach/blog/knee-health-squat-science-protecting-joints|internal:https://jacked.coach/blog/lifting-joint-pain-arthritis-science|internal:https://jacked.coach/blog/machines-vs-free-weights-2025-research|internal:https://jacked.coach/blog/mental-rehearsal-visualization-strength-gains|internal:https://jacked.coach/blog/neck-training-lifters-strength-aesthetics|internal:https://jacked.coach/blog/photobiomodulation-low-level-laser-therapy-muscle-science|internal:https://jacked.coach/blog/tendon-training-science-weak-link-gains,200,,,https://jacked.coach/blog/training-around-injuries-keep-gains-banged-up,"index, follow",,yes,Training Around an Injury: A Safer Decision Framework | Surpass,"You may be able to keep training while an injury is assessed, but the right modification depends on the tissue, symptoms, and diagnosis—not a generic pain rule.",1,Training Around an Injury: A Safer Decision Framework,1386,article,SoftwareApplication|Organization|WebSite,yes,20,34,0,0,indexable,Improve,,audited,
https://jacked.coach/blog/training-frequency-muscle-growth-2025,sitemap|internal:https://jacked.coach/blog|internal:https://jacked.coach/blog/exercise-snacking-muscle-science-2026|internal:https://jacked.coach/blog/minimum-effective-dose-muscle-growth-2026|internal:https://jacked.coach/blog/optimal-workout-duration-2026|internal:https://jacked.coach/blog/cardio-strength-athletes-science|internal:https://jacked.coach/blog/muscle-group-training-frequency-optimal|internal:https://jacked.coach/blog/optimal-set-volume-2025-research,200,,,https://jacked.coach/blog/training-frequency-muscle-growth-2025,"index, follow",,yes,Training Frequency for Muscle Growth: How Often Should You Lift? | Surpass,"Frequency mainly helps you distribute weekly work and practice movements. When volume is comparable, several schedules can build muscle; the best one is…",1,Training Frequency for Muscle Growth: How Often Should You Lift?,927,article,SoftwareApplication|Organization|WebSite,yes,9,34,0,0,indexable,Improve,,audited,
https://jacked.coach/blog/training-density-hypertrophy-optimization,sitemap|internal:https://jacked.coach/blog|internal:https://jacked.coach/blog/minimum-effective-dose-muscle-growth-2026|internal:https://jacked.coach/blog/optimal-workout-duration-2026|internal:https://jacked.coach/blog/training-volume-sets-muscle-growth-2026|internal:https://jacked.coach/blog/rest-periods-hypertrophy-science|internal:https://jacked.coach/blog/supercompensation-functional-overreaching|internal:https://jacked.coach/blog/training-frequency-muscle-growth-2025,200,,,https://jacked.coach/blog/training-density-hypertrophy-optimization,"index, follow",,yes,Training Density for Muscle Growth: Use Time Without Chasing Fatigue | Surpass,"Training density describes how much work fits into a period, but it is not an independent hypertrophy target; preserve useful effort, technique, rest,…",1,Training Density for Muscle Growth: Use Time Without Chasing Fatigue,1043,article,SoftwareApplication|Organization|WebSite,yes,10,35,0,0,indexable,Improve,,audited,
https://jacked.coach/blog/training-fundamentals-muscle-growth,sitemap|internal:https://jacked.coach/blog|internal:https://jacked.coach/blog/testosterone-muscle-building-science-2026|internal:https://jacked.coach/blog/bodyweight-training-muscle-building-science|internal:https://jacked.coach/blog/how-to-progress-gym-framework|internal:https://jacked.coach/blog/kettlebell-training-hypertrophy-muscle-building|internal:https://jacked.coach/blog/rear-delt-training-neglected-muscle|internal:https://jacked.coach/blog/psychology-muscle-building-mindset-habits|internal:https://jacked.coach/blog/rest-periods-hypertrophy-science|internal:https://jacked.coach/blog/rpe-vs-rir-autoregulation-2025,200,,,https://jacked.coach/blog/training-fundamentals-muscle-growth,"index, follow",,yes,Training Fundamentals for Muscle Growth | Surpass,"A practical guide to exercise selection, rep ranges, weekly volume, frequency, rest, and the progression decisions that make hypertrophy training repeatable.",1,Training Fundamentals for Muscle Growth,1060,article,SoftwareApplication|Organization|WebSite,yes,14,35,0,0,indexable,Improve,,audited,
https://jacked.coach/blog/training-hard-enough-body-signals,sitemap|internal:https://jacked.coach/blog|internal:https://jacked.coach/blog/progressive-overload-muscle-building|internal:https://jacked.coach/blog/exerkines-muscle-signaling-molecules-2026|internal:https://jacked.coach/blog/influencer-training-programs-science-analysis,200,,,https://jacked.coach/blog/training-hard-enough-body-signals,"index, follow",,yes,How to Know If You&#x27;re Training Hard Enough Without Tracking Everything | Surpass,Forget complex spreadsheets. Here&#x27;s how to listen to your body and know if your training is actually driving muscle growth.,1,How to Know If You&#x27;re Training Hard Enough Without Tracking Everything,1386,article,SoftwareApplication|Organization|WebSite,yes,4,34,0,0,indexable,Improve,,audited,
https://jacked.coach/blog/training-load-management-recovery-metrics,sitemap|internal:https://jacked.coach/blog|internal:https://jacked.coach/blog/autoprogression-science-2026|internal:https://jacked.coach/blog/blood-biomarkers-lifters-guide-2026|internal:https://jacked.coach/blog/cold-water-immersion-muscle-growth-science-2026|internal:https://jacked.coach/blog/glp-1-muscle-preservation-science-2026|internal:https://jacked.coach/blog/hrv-training-optimization-science-2026|internal:https://jacked.coach/blog/cortisol-muscle-growth-stress-hormone|internal:https://jacked.coach/blog/daily-readiness-training-wearable-data|internal:https://jacked.coach/blog/deload-weeks-muscle-science|internal:https://jacked.coach/blog/knee-health-squat-science-protecting-joints|internal:https://jacked.coach/blog/muscle-cramps-lifting-science-prevention|internal:https://jacked.coach/blog/progress-stalled-hidden-factors-beyond-programming|internal:https://jacked.coach/blog/supercompensation-functional-overreaching|internal:https://jacked.coach/blog/train-through-soreness-vs-rest|internal:https://jacked.coach/blog/training-around-injuries-keep-gains-banged-up,200,,,https://jacked.coach/blog/training-load-management-recovery-metrics,"index, follow",,yes,Training Load Management: How to Use Recovery Data | Surpass,"Use training history, performance, symptoms, sleep, and wearable trends to adjust lifting—without treating HRV or a recovery score as a diagnosis.",1,Training Load Management: How to Use Recovery Data,1393,article,SoftwareApplication|Organization|WebSite,yes,21,34,0,0,indexable,Improve,,audited,
https://jacked.coach/blog/training-longevity-strength-decline-age-35,sitemap|internal:https://jacked.coach/blog|internal:https://jacked.coach/blog/exercise-snacking-muscle-science-2026|internal:https://jacked.coach/blog/grip-strength-longevity-muscle-building-2026|internal:https://jacked.coach/blog/bone-density-resistance-training-science|internal:https://jacked.coach/blog/lean-pork-muscle-protein-synthesis-2025,200,,,https://jacked.coach/blog/training-longevity-strength-decline-age-35,"index, follow",,yes,Strength Training After 35: What Ageing Research Actually Shows | Surpass,"Performance can begin to drift before 40, but age is not a training deadline; consistent resistance exercise can still improve capacity and preserve function.",1,Strength Training After 35: What Ageing Research Actually Shows,1191,article,SoftwareApplication|Organization|WebSite,yes,7,35,0,0,indexable,Improve,,audited,
https://jacked.coach/blog/training-partners-spotters-strength-science,sitemap|internal:https://jacked.coach/blog,200,,,https://jacked.coach/blog/training-partners-spotters-strength-science,"index, follow",,yes,The Science of Training Partners: How Spotters Unlock Greater | Surpass,Research shows having a spotter doesn&#x27;t just provide safety — it literally makes you stronger through social facilitation and psychological mechanisms.,1,The Science of Training Partners: How Spotters Unlock Greater Strength Gains,1137,article,SoftwareApplication|Organization|WebSite,yes,1,34,0,0,indexable,Improve,,audited,
https://jacked.coach/blog/training-split-science-hypertrophy,sitemap|internal:https://jacked.coach/blog|internal:https://jacked.coach/blog/concurrent-training-interference-effect-2026|internal:https://jacked.coach/blog/jeff-nippard-vs-mike-mentzer-training-philosophy|internal:https://jacked.coach/blog/muscle-group-training-frequency-optimal|internal:https://jacked.coach/blog/rear-delt-training-neglected-muscle|internal:https://jacked.coach/blog/training-frequency-muscle-growth-2025|internal:https://jacked.coach/blog/training-density-hypertrophy-optimization,200,,,https://jacked.coach/blog/training-split-science-hypertrophy,"index, follow",,yes,Training Splits: How to Choose a Routine That Builds Muscle | Surpass,"Full-body, upper/lower, push-pull-legs, and once-weekly splits can all work. The useful choice is the one that distributes recoverable work and fits your life.",1,Training Splits: How to Choose a Routine That Builds Muscle,869,article,SoftwareApplication|Organization|WebSite,yes,8,34,0,0,indexable,Improve,,audited,
https://jacked.coach/blog/training-while-sleep-deprived-lifting-science,sitemap|internal:https://jacked.coach/blog|internal:https://jacked.coach/blog/autoprogression-science-2026|internal:https://jacked.coach/blog/alcohol-muscle-growth-mtor-pathway-science|internal:https://jacked.coach/blog/chronotype-training-optimization|internal:https://jacked.coach/blog/daily-readiness-training-wearable-data|internal:https://jacked.coach/blog/mental-fatigue-training-performance-cns|internal:https://jacked.coach/blog/napping-muscle-recovery-growth-hormone-science,200,,,https://jacked.coach/blog/training-while-sleep-deprived-lifting-science,"index, follow",,yes,Training After Poor Sleep: How to Make a Safer Decision | Surpass,"A bad night can affect recovery, effort, and performance, but it does not justify fixed load cuts; use readiness and safety to guide the session.",1,Training After Poor Sleep: How to Make a Safer Decision,959,article,SoftwareApplication|Organization|WebSite,yes,8,34,0,0,indexable,Improve,,audited,
https://jacked.coach/blog/training-to-failure-proximity,sitemap|internal:https://jacked.coach/blog|internal:https://jacked.coach/blog/cluster-sets-hypertrophy-2026|internal:https://jacked.coach/blog/proximity-to-failure-hypertrophy-2026|internal:https://jacked.coach/blog/tempo-training-hypertrophy-science-2026|internal:https://jacked.coach/blog/circadian-rhythm-training-time-muscle-growth|internal:https://jacked.coach/blog/drop-sets-intensity-techniques-science|internal:https://jacked.coach/blog/load-tempo-equivalence-2025-research|internal:https://jacked.coach/blog/neuromuscular-efficiency-nervous-system-recruitment|internal:https://jacked.coach/blog/psychology-muscle-building-mindset-habits|internal:https://jacked.coach/blog/rpe-vs-rir-autoregulation-2025,200,,,https://jacked.coach/blog/training-to-failure-proximity,"index, follow",,yes,Training to Failure: How Close Is Close Enough? | Surpass,"Failure can be a useful calibration point, but current evidence does not show that every set must reach it for muscle growth or strength.",1,Training to Failure: How Close Is Close Enough?,880,article,SoftwareApplication|Organization|WebSite,yes,11,35,0,0,indexable,Improve,,audited,
https://jacked.coach/blog/training-while-sick-when-to-push-rest,sitemap|internal:https://jacked.coach/blog|internal:https://jacked.coach/blog/resistance-training-mental-health-brain-aging-2026|internal:https://jacked.coach/blog/air-pollution-muscle-building-outdoor-training|internal:https://jacked.coach/blog/deload-weeks-muscle-science|internal:https://jacked.coach/blog/training-around-injuries-keep-gains-banged-up,200,,,https://jacked.coach/blog/training-while-sick-when-to-push-rest,"index, follow",,yes,Training While Sick: When to Rest and How to Return | Surpass,"The neck-check rule is only a rough heuristic. Use symptoms, illness severity, contagion, and cardiac warning signs to decide when lifting should pause.",1,Training While Sick: When to Rest and How to Return,1197,article,SoftwareApplication|Organization|WebSite,yes,5,34,0,0,indexable,Improve,,audited,
https://jacked.coach/blog/ultimate-science-muscle-hypertrophy-guide,sitemap|internal:https://jacked.coach/blog|internal:https://jacked.coach/blog/complete-guide-muscle-building-2026|internal:https://jacked.coach/blog/apply-hypertrophy-research-training-practical-guide|internal:https://jacked.coach/blog/bodyweight-training-muscle-building-science,200,,,https://jacked.coach/blog/ultimate-science-muscle-hypertrophy-guide,"index, follow",,yes,Muscle Hypertrophy: An Evidence-Based Training and Nutrition Guide | Surpass,"A practical guide to building muscle: choose productive exercises, accumulate recoverable work, eat enough protein, and progress without turning…",1,Muscle Hypertrophy: An Evidence-Based Training and Nutrition Guide,2143,article,SoftwareApplication|Organization|WebSite,yes,5,36,0,0,indexable,Improve,,audited,
https://jacked.coach/blog/unilateral-training-single-limb-gains,sitemap|internal:https://jacked.coach/blog|internal:https://jacked.coach/blog/resistance-bands-hypertrophy-muscle-growth-science|internal:https://jacked.coach/blog/training-partners-spotters-strength-science,200,,,https://jacked.coach/blog/unilateral-training-single-limb-gains,"index, follow",,yes,Unilateral Training: When Single-Limb Work Helps | Surpass,"Single-arm and single-leg exercises can improve specificity, balance, and exercise options, but research does not show a universal hypertrophy advantage…",1,Unilateral Training: When Single-Limb Work Helps,1288,article,SoftwareApplication|Organization|WebSite,yes,3,34,0,0,indexable,Improve,,audited,
https://jacked.coach/blog/vagal-tone-training-recovery,sitemap|internal:https://jacked.coach/blog|internal:https://jacked.coach/blog/hrv-training-optimization-science-2026|internal:https://jacked.coach/blog/training-load-management-recovery-metrics,200,,,https://jacked.coach/blog/vagal-tone-training-recovery,"index, follow",,yes,"Vagal Tone, HRV, and Training Recovery: Use the Signals Carefully | Surpass","The vagus nerve is part of autonomic regulation, but HRV is a noisy proxy; use trends with performance and symptoms rather than treating one score as a…",1,"Vagal Tone, HRV, and Training Recovery: Use the Signals Carefully",995,article,SoftwareApplication|Organization|WebSite,yes,3,35,0,0,indexable,Improve,,audited,
https://jacked.coach/blog/women-men-muscle-building-2025-research,sitemap|internal:https://jacked.coach/blog|internal:https://jacked.coach/blog/progressive-overload-muscle-building|internal:https://jacked.coach/blog/hypertrophy-training-myths-2026|internal:https://jacked.coach/blog/body-recomposition-science-lose-fat-gain-muscle|internal:https://jacked.coach/blog/estrogen-muscle-building-hormone-science|internal:https://jacked.coach/blog/fasted-vs-fed-training-2025-research|internal:https://jacked.coach/blog/light-vs-heavy-weights-2025-research|internal:https://jacked.coach/blog/machines-vs-free-weights-2025-research|internal:https://jacked.coach/blog/myokines-muscle-endocrine-organ|internal:https://jacked.coach/blog/training-longevity-strength-decline-age-35|internal:https://jacked.coach/blog/training-partners-spotters-strength-science,200,,,https://jacked.coach/blog/women-men-muscle-building-2025-research,"index, follow",,yes,Women and Muscle Building: What the Research Actually Shows | Surpass,"Women and men can both build substantial muscle with progressive resistance training; relative hypertrophy is similar in current evidence, while absolute…",1,Women and Muscle Building: What the Research Actually Shows,1035,article,SoftwareApplication|Organization|WebSite,yes,11,35,0,0,indexable,Improve,,audited,
https://jacked.coach/blog/wave-loading-hypertrophy-practical-guide,sitemap|internal:https://jacked.coach/blog|internal:https://jacked.coach/blog/plateaus-break-through-muscle|internal:https://jacked.coach/blog/metabolic-stress-lactate-muscle-growth-2026|internal:https://jacked.coach/blog/block-periodization-focused-training-phases|internal:https://jacked.coach/blog/rear-delt-training-neglected-muscle|internal:https://jacked.coach/blog/tendon-training-science-weak-link-gains,200,,,https://jacked.coach/blog/wave-loading-hypertrophy-practical-guide,"index, follow",,yes,Wave Loading for Hypertrophy: A Flexible Periodization Option | Surpass,"Wave loading varies training stress across sessions or weeks. It can organise progression, but it is not proven superior to simpler programmes for muscle…",1,Wave Loading for Hypertrophy: A Flexible Periodization Option,934,article,SoftwareApplication|Organization|WebSite,yes,6,34,0,0,indexable,Improve,,audited,
https://jacked.coach/blog/what-women-want-muscular-men-science,sitemap|internal:https://jacked.coach/blog,200,,,https://jacked.coach/blog/what-women-want-muscular-men-science,"index, follow",,yes,Muscularity and Attraction: What Research Can—and Cannot—Tell Us | Surpass,"A careful look at research on muscularity, body composition, culture, and attraction, without turning population averages into a promise about individual…",1,Muscularity and Attraction: What Research Can—and Cannot—Tell Us,1173,article,SoftwareApplication|Organization|WebSite,yes,1,35,0,0,indexable,Improve,,audited,
https://jacked.coach/blog/work-capacity-training-foundation-gains,sitemap|internal:https://jacked.coach/blog|internal:https://jacked.coach/blog/plateaus-break-through-muscle|internal:https://jacked.coach/blog/cluster-sets-hypertrophy-2026|internal:https://jacked.coach/blog/training-density-hypertrophy-optimization,200,,,https://jacked.coach/blog/work-capacity-training-foundation-gains,"index, follow",,yes,Work Capacity for Lifters: Build More Useful Training Tolerance | Surpass,Work capacity is the ability to complete quality training and recover from it; build it gradually without confusing more fatigue or shorter rest with…,1,Work Capacity for Lifters: Build More Useful Training Tolerance,1014,article,SoftwareApplication|Organization|WebSite,yes,4,35,0,0,indexable,Improve,,audited,
https://jacked.coach/blog/zinc-muscle-building-testosterone-science,sitemap|internal:https://jacked.coach/blog|internal:https://jacked.coach/blog/muscle-glycogen-supercompensation-carb-loading,200,,,https://jacked.coach/blog/zinc-muscle-building-testosterone-science,"index, follow",,yes,"Zinc, Training, and Testosterone: Food First, Claims Second | Surpass","Zinc supports normal physiology, but supplementation helps testosterone or performance mainly when deficiency is present.",1,"Zinc, Training, and Testosterone: Food First, Claims Second",868,article,SoftwareApplication|Organization|WebSite,yes,2,35,0,0,indexable,Improve,,audited,
https://jacked.coach/blog/zone-2-cardio-strength-athletes-gains,sitemap|internal:https://jacked.coach/blog|internal:https://jacked.coach/blog/concurrent-training-interference-effect-2026|internal:https://jacked.coach/blog/air-pollution-muscle-building-outdoor-training|internal:https://jacked.coach/blog/cardio-strength-athletes-science|internal:https://jacked.coach/blog/mitochondrial-dynamics-muscle-growth-hypertrophy|internal:https://jacked.coach/blog/music-strength-training-performance-science,200,,,https://jacked.coach/blog/zone-2-cardio-strength-athletes-gains,"index, follow",,yes,"Zone 2 Cardio for Lifters: Benefits, Tradeoffs, and Setup | Surpass","Easy aerobic work can support health and conditioning, but its effect on strength and hypertrophy depends on dose, modality, scheduling, and recovery.",1,"Zone 2 Cardio for Lifters: Benefits, Tradeoffs, and Setup",1272,article,SoftwareApplication|Organization|WebSite,yes,6,34,0,0,indexable,Improve,,audited,
https://jacked.coach/marketing/surpass-build-home.png,internal:https://jacked.coach/press,200,,,,,,no,,,,,,asset,,not_applicable,2,0,,,not_applicable,Keep,,asset,non-html content-type=image/png
https://jacked.coach/marketing/surpass-visible-priority.png,internal:https://jacked.coach/press,200,,,,,,no,,,,,,asset,,not_applicable,1,0,,,not_applicable,Keep,,asset,non-html content-type=image/png
https://jacked.coach/marketing/surpass-progress.png,internal:https://jacked.coach/press,200,,,,,,no,,,,,,asset,,not_applicable,1,0,,,not_applicable,Keep,,asset,non-html content-type=image/png
https://jacked.coach/blog/psychology-muscle-building-habits,internal:https://jacked.coach/blog/plateaus-break-through-muscle|internal:https://jacked.coach/blog/resistance-training-mental-health-brain-aging-2026|internal:https://jacked.coach/blog/what-women-want-muscular-men-science,200,,,https://jacked.coach/blog/psychology-muscle-building-mindset-habits,"index, follow",,no,The Psychology of Muscle Building: Habits That Make Training | Surpass,"Training psychology affects consistency, but mindset does not override physiology; use motivation, planning, self-monitoring, and flexible goals to keep…",1,The Psychology of Muscle Building: Habits That Make Training Repeatable,1131,article,SoftwareApplication|Organization|WebSite,yes,3,36,0,0,needs_review,Merge,,audited,canonical differs from requested URL
https://jacked.coach/blog/creatine-science-2025,internal:https://jacked.coach/blog/omega-3-fatty-acids-muscle-growth-2026,200,,,https://jacked.coach/blog/creatine-monohydrate-science-2026,"index, follow",,no,"Creatine Monohydrate: Benefits, Loading, Safety, and Limits | Surpass","Creatine monohydrate can support strength and high-intensity training for many people, but loading is optional and a supplement response is not…",1,"Creatine Monohydrate: Benefits, Loading, Safety, and Limits",1101,article,SoftwareApplication|Organization|WebSite,yes,1,37,0,0,needs_review,Merge,,audited,canonical differs from requested URL
https://jacked.coach/blog/sleep-growth-hormone-circuit-muscle-building-2025,internal:https://jacked.coach/blog/blood-pressure-resistance-training-lifting,200,,,https://jacked.coach/blog/sleep-growth-hormone-brain-circuits-2026,"index, follow",,no,"Sleep, Growth Hormone, and Muscle: What the Research Shows | Surpass","Sleep affects recovery and growth-hormone secretion, but a hormone pulse or a brain-circuit discovery is not the same as proof of extra muscle.",1,"Sleep, Growth Hormone, and Muscle: What the Research Shows",913,article,SoftwareApplication|Organization|WebSite,yes,1,35,0,0,needs_review,Merge,,audited,canonical differs from requested URL
https://jacked.coach/blog/muscle-memory-detraining-science-2026,internal:https://jacked.coach/blog/body-recomposition-science-lose-fat-gain-muscle|internal:https://jacked.coach/blog/muscle-building-non-responders-science,200,,,https://jacked.coach/blog/muscle-memory-myonuclei-retention-science,"index, follow",,no,Muscle Memory and Myonuclei: What Training May Retain | Surpass,"Retraining can feel faster after a break, but the human evidence does not justify a guaranteed timeline or a simple myonuclei explanation; here is what…",1,Muscle Memory and Myonuclei: What Training May Retain,1159,article,SoftwareApplication|Organization|WebSite,yes,2,36,0,0,needs_review,Merge,,audited,canonical differs from requested URL
https://jacked.coach/blog/lean-vs-fatty-meat-2025-research,internal:https://jacked.coach/blog/lean-pork-muscle-protein-synthesis-2025,200,,,https://jacked.coach/blog/lean-pork-muscle-protein-synthesis-2025,"index, follow",,no,Lean vs High-Fat Pork After Training: What One Acute Study Shows | Surpass,"A 2025 study in 16 physically active adults compared low- and high-fat pork meals after resistance exercise, measuring short-term synthesis rather than…",1,Lean vs High-Fat Pork After Training: What One Acute Study Shows,1063,article,SoftwareApplication|Organization|WebSite,yes,2,36,0,0,needs_review,Merge,,audited,canonical differs from requested URL
https://jacked.coach/blog/mind-muscle-connection-science-gains,internal:https://jacked.coach/blog/mind-muscle-connection-science-hypertrophy,200,,,https://jacked.coach/blog/mind-muscle-connection-science,"index, follow",,no,The Mind-Muscle Connection: What Attention Can and Cannot Do | Surpass,"Internal focus can change how a lift feels and may alter muscle activity in some settings, but it is not a proven replacement for progressive resistance…",1,The Mind-Muscle Connection: What Attention Can and Cannot Do,883,article,SoftwareApplication|Organization|WebSite,yes,1,35,0,0,needs_review,Merge,,audited,canonical differs from requested URL
https://jacked.coach/blog/gut-microbiome-muscle-building-probiotics-2026,internal:https://jacked.coach/blog/gut-muscle-axis-microbiome-muscle-building,200,https://jacked.coach/blog/gut-muscle-axis-microbiome-muscle-building,301:https://jacked.coach/blog/gut-muscle-axis-microbiome-muscle-building,https://jacked.coach/blog/gut-muscle-axis-microbiome-muscle-building,"index, follow",,no,The Gut-Muscle Axis: What Microbiome Research Can—and Cannot—Tell | Surpass,"The gut and muscle communicate through metabolism and immune signals, but probiotic studies remain small and mixed; learn what is practical now and what…",1,The Gut-Muscle Axis: What Microbiome Research Can—and Cannot—Tell Lifters,1108,article,SoftwareApplication|Organization|WebSite,yes,2,35,0,0,redirected,Redirect,,audited,permanent redirect chain resolved before final page; canonical differs from requested URL
https://jacked.coach/blog/beta-ecdysterone-muscle-growth,internal:https://jacked.coach/blog/beta-ecdysterone-muscle-anabolic-research,200,https://jacked.coach/blog/beta-ecdysterone-muscle-anabolic-research,301:https://jacked.coach/blog/beta-ecdysterone-muscle-anabolic-research,https://jacked.coach/blog/beta-ecdysterone-muscle-anabolic-research,"index, follow",,no,Beta-Ecdysterone for Muscle Growth: Research Review | Surpass,Beta-ecdysterone has one notable resistance-training trial and a larger preclinical literature. Here is what that evidence can—and cannot—show.,1,Beta-Ecdysterone for Muscle Growth: Research Review,1048,article,SoftwareApplication|Organization|WebSite,yes,4,36,0,0,redirected,Redirect,,audited,permanent redirect chain resolved before final page; canonical differs from requested URL
https://jacked.coach/blog/creatine-loading-phase-necessary,internal:https://jacked.coach/blog/creatine-loading-phase-necessary-research,200,https://jacked.coach/blog/creatine-loading-phase-necessary-research,301:https://jacked.coach/blog/creatine-loading-phase-necessary-research,https://jacked.coach/blog/creatine-loading-phase-necessary-research,"index, follow",,no,Creatine Loading Phase: What the Research Says | Surpass,"Creatine loading can raise muscle creatine stores faster, but it is optional. Compare a divided loading protocol with a smaller daily dose, side effects,…",1,Creatine Loading Phase: What the Research Says,1219,article,SoftwareApplication|Organization|WebSite,yes,2,35,0,0,redirected,Redirect,,audited,permanent redirect chain resolved before final page; canonical differs from requested URL
